日期,股票代码,开盘,收盘,最高,最低,成交量,成交额,振幅,涨跌幅,涨跌额,换手率
2022-10-19,001300,13.33,15.99,15.99,13.33,2605996,41676011.6,0.0,0.0,0.0,0.0
2022-10-20,001300,17.59,17.59,17.59,17.59,437023,7688799.2,0.0,10.01,1.6,0.0
2022-10-21,001300,19.35,19.35,19.35,19.35,454161,8789800.9,0.0,10.01,1.76,0.0
2022-10-24,001300,21.29,21.29,21.29,21.29,2012511,42853005.6,0.0,10.02,1.94,0.0
2022-10-25,001300,21.29,23.42,23.42,21.26,43202845,1011881417.3,10.14,10.0,2.13,0.0
2022-10-26,001300,21.74,21.08,22.37,21.08,27843246,587059468.6,5.48,-9.98,-2.34,0.0
2022-10-27,001300,18.98,18.98,19.47,18.98,12214300,231778601.3,2.36,-10.0,-2.11,0.0
2022-10-28,001300,19.0,20.88,20.88,17.58,33652759,702521306.5,17.35,10.01,1.9,0.0
2022-10-31,001300,19.88,18.81,20.39,18.79,24798159,466377253.9,7.67,-9.91,-2.07,0.0
2022-11-01,001300,19.01,19.01,19.47,18.08,20610133,391712896.4,7.4,1.06,0.2,0.0
2022-11-02,001300,18.6,18.65,19.39,18.41,17574154,327719350.3,5.18,-1.88,-0.36,0.0
2022-11-03,001300,18.17,18.66,20.34,17.9,28576389,533171043.8,13.07,0.05,0.01,0.0
2022-11-04,001300,18.23,18.27,18.85,17.91,20946674,382693106.7,5.01,-2.08,-0.39,0.0
2022-11-07,001300,18.2,19.02,19.57,18.11,27570534,524275352.9,8.0,4.08,0.75,0.0
2022-11-08,001300,19.12,18.7,19.47,18.5,22384375,418532497.1,5.13,-1.67,-0.32,0.0
2022-11-09,001300,18.4,20.57,20.57,18.35,32761015,673805025.0,11.86,10.0,1.87,0.0
2022-11-10,001300,20.11,19.74,20.55,19.53,28008504,552938506.6,4.93,-4.01,-0.83,0.0
2022-11-11,001300,19.79,19.2,20.47,19.1,24107114,462971053.1,6.95,-2.72,-0.54,0.0
2022-11-14,001300,18.81,20.25,21.12,18.55,37450888,758344051.7,13.41,5.44,1.04,0.0
2022-11-15,001300,19.35,19.69,19.84,19.26,22276088,438662454.3,2.85,-2.75,-0.56,0.0
2022-11-16,001300,19.54,20.35,21.58,19.4,28878256,587628621.1,11.06,3.33,0.66,0.0
2022-11-17,001300,19.89,19.57,20.17,19.23,20180083,394979375.0,4.59,-3.81,-0.78,0.0
2022-11-18,001300,19.44,18.58,19.66,18.45,18320696,340365263.6,6.2,-5.08,-0.99,0.0
2022-11-21,001300,18.4,17.51,18.4,17.12,16316781,285772381.5,6.91,-5.73,-1.06,0.0
2022-11-22,001300,17.33,17.6,18.08,17.33,11745457,206761447.8,4.32,0.51,0.09,0.0
2022-11-23,001300,17.55,17.12,17.55,16.26,12882950,220507068.5,7.34,-2.77,-0.49,0.0
2022-11-24,001300,16.93,16.96,17.56,16.74,10197087,172912692.5,4.82,-0.93,-0.16,0.0
2022-11-25,001300,16.79,17.01,17.25,16.61,7639110,129916784.5,3.75,0.29,0.05,0.0
2022-11-28,001300,16.64,16.54,16.83,16.46,5819968,96258524.0,2.16,-2.75,-0.47,0.0
2022-11-29,001300,16.68,16.78,16.89,16.57,6221122,104378292.7,1.92,1.44,0.24,0.0
2022-11-30,001300,16.71,16.48,16.71,16.47,6449376,106283683.8,1.42,-1.78,-0.3,0.0
2022-12-01,001300,16.59,17.05,17.43,16.52,11543035,196769218.2,5.55,3.44,0.57,0.0
2022-12-02,001300,16.9,17.14,17.21,16.81,8549152,146498999.7,2.33,0.53,0.09,0.0
2022-12-05,001300,17.32,17.45,17.68,17.15,11494031,200620746.8,3.13,1.86,0.32,0.0
2022-12-06,001300,17.43,17.67,18.3,17.21,14576198,257607265.1,6.27,1.25,0.22,0.0
2022-12-07,001300,17.43,16.68,17.46,16.61,13471980,224693692.7,4.84,-5.63,-0.99,0.0
2022-12-08,001300,16.51,16.83,17.05,16.42,7520841,126559041.7,3.76,0.89,0.15,0.0
2022-12-09,001300,16.66,16.64,16.8,16.52,5337249,88805478.0,1.65,-1.12,-0.19,0.0
2022-12-12,001300,16.63,16.17,16.64,16.12,6798060,109933966.4,3.11,-2.81,-0.47,0.0
2022-12-13,001300,16.13,16.08,16.58,16.07,5887240,94677800.7,3.14,-0.55,-0.09,0.0
2022-12-14,001300,15.98,16.11,16.25,15.83,3927647,63281070.4,2.6,0.19,0.03,0.0
2022-12-15,001300,16.21,15.94,16.24,15.88,4245795,67689125.8,2.22,-1.05,-0.17,0.0
2022-12-16,001300,15.9,15.38,15.9,15.36,5813318,89384027.6,3.43,-3.56,-0.57,0.0
2022-12-19,001300,15.39,15.12,15.57,14.97,3654256,55241937.2,3.95,-1.68,-0.26,0.0
2022-12-20,001300,15.0,15.21,15.25,14.99,2358682,35867675.9,1.71,0.59,0.09,0.0
2022-12-21,001300,15.31,14.76,15.31,14.61,4693441,69271027.5,4.58,-2.94,-0.45,0.0
2022-12-22,001300,14.75,14.39,14.91,14.32,4231415,60894845.2,3.98,-2.49,-0.37,0.0
2022-12-23,001300,14.23,14.5,14.63,14.1,3189814,46253994.4,3.66,0.76,0.11,0.0
2022-12-26,001300,14.49,14.79,14.9,14.4,3034978,44884137.8,3.43,1.99,0.29,0.0
2022-12-27,001300,14.87,15.08,15.25,14.52,5619553,84728072.7,4.91,1.95,0.29,0.0
2022-12-28,001300,14.93,15.57,16.1,14.83,11468360,178615625.3,8.44,3.3,0.5,0.0
2022-12-29,001300,15.26,15.6,15.95,15.16,8112105,126585186.3,5.11,0.19,0.03,0.0
2022-12-30,001300,15.91,15.42,16.21,15.25,8113801,125078428.3,6.18,-1.21,-0.19,0.0
2023-01-03,001300,15.13,15.56,15.56,14.9,8119105,126371419.1,4.32,0.97,0.15,0.0
2023-01-04,001300,15.43,15.25,15.71,15.22,5194167,79192565.1,3.19,-2.04,-0.32,0.0
2023-01-05,001300,15.37,15.41,15.62,15.21,3662374,56420959.1,2.74,1.04,0.16,0.0
2023-01-06,001300,15.32,15.18,15.66,15.18,4187842,63558143.4,3.16,-1.48,-0.23,0.0
2023-01-09,001300,15.17,15.32,15.43,15.16,3431900,52563189.8,1.77,0.92,0.14,0.0
2023-01-10,001300,15.34,15.1,15.34,15.05,2771541,41842676.4,1.88,-1.43,-0.22,0.0
2023-01-11,001300,15.13,14.81,15.2,14.78,2830164,41911448.0,2.77,-1.91,-0.29,0.0
2023-01-12,001300,14.88,14.72,14.99,14.67,2071377,30489285.2,2.15,-0.6,-0.09,0.0
2023-01-13,001300,14.77,14.67,14.83,14.6,1811063,26567577.6,1.55,-0.34,-0.05,0.0
2023-01-16,001300,14.63,14.88,14.91,14.62,2588915,38519068.1,1.97,1.42,0.21,0.0
2023-01-17,001300,14.88,14.88,15.1,14.72,2502511,37233509.6,2.54,0.0,0.0,0.0
2023-01-18,001300,14.88,14.91,15.0,14.84,1738011,25910783.5,1.07,0.2,0.03,0.0
2023-01-19,001300,14.92,14.98,15.17,14.63,3201635,47953816.3,3.6,0.47,0.07,0.0
2023-01-20,001300,15.04,14.98,15.07,14.87,2499619,37439080.4,1.33,0.0,0.0,0.0
2023-01-30,001300,15.0,15.29,15.34,15.0,3916450,59867733.4,2.26,2.06,0.31,0.0
2023-01-31,001300,15.25,15.22,15.25,15.14,2141488,32586181.5,0.72,-0.46,-0.07,0.0
2023-02-01,001300,15.23,15.41,15.42,15.2,3694384,56914091.4,1.44,1.24,0.19,0.0
2023-02-02,001300,15.43,15.37,15.47,15.27,2911982,44744899.4,1.29,-0.26,-0.04,0.0
2023-02-03,001300,15.41,15.36,15.48,15.09,2969867,45604810.2,2.52,-0.06,-0.01,0.0
2023-02-06,001300,15.28,15.21,15.36,15.2,1774393,26982591.5,1.04,-0.97,-0.15,0.0
2023-02-07,001300,15.23,15.41,15.44,15.09,2834876,43672880.7,2.29,1.31,0.2,0.0
2023-02-08,001300,15.43,15.35,15.48,15.31,2059918,31611292.8,1.1,-0.39,-0.06,0.0
2023-02-09,001300,15.32,15.44,15.45,15.22,2660059,41059095.0,1.49,0.58,0.09,0.0
2023-02-10,001300,15.44,15.35,15.58,15.29,3037182,46608287.1,1.93,-0.58,-0.09,0.0
2023-02-13,001300,15.35,15.63,15.66,15.3,4002717,62579744.2,2.4,1.88,0.29,0.0
2023-02-14,001300,15.64,15.55,15.68,15.49,2731630,42489830.8,1.27,-0.51,-0.08,0.0
2023-02-15,001300,15.57,15.44,15.6,15.4,2631896,40624387.6,1.34,-0.77,-0.12,0.0
2023-02-16,001300,15.44,14.84,15.59,14.67,5122037,76004254.7,5.99,-3.87,-0.6,0.0
2023-02-17,001300,14.89,15.01,15.56,14.86,4115366,61762390.1,4.76,1.14,0.17,0.0
2023-02-20,001300,14.94,15.23,15.24,14.86,2624867,39967673.9,2.52,1.46,0.22,0.0
2023-02-21,001300,15.22,15.18,15.25,15.0,2136026,32418091.9,1.63,-0.33,-0.05,0.0
2023-02-22,001300,15.11,15.09,15.15,15.02,1378948,20804623.6,0.85,-0.59,-0.09,0.0
2023-02-23,001300,15.13,15.12,15.22,15.01,1650676,24953517.2,1.38,0.2,0.03,0.0
2023-02-24,001300,15.18,15.5,15.73,15.01,6320058,97929804.3,4.8,2.5,0.38,0.0
2023-02-27,001300,15.51,16.16,16.18,15.38,17144412,277078187.9,5.2,4.3,0.67,0.0
2023-02-28,001300,15.96,15.84,16.03,15.74,9197484,145717321.7,1.78,-1.97,-0.32,0.0
2023-03-01,001300,15.84,15.71,15.85,15.61,5901068,92728677.6,1.51,-0.82,-0.13,0.0
2023-03-02,001300,15.68,15.72,15.83,15.56,4499359,70747144.2,1.71,0.06,0.01,0.0
2023-03-03,001300,15.66,15.48,15.71,15.36,5025011,77763000.8,2.28,-1.58,-0.25,0.0
2023-03-06,001300,15.48,15.28,15.51,15.2,3254193,49711958.5,2.06,-1.29,-0.2,0.0
2023-03-07,001300,15.3,14.91,15.37,14.84,4129500,61563810.7,3.45,-2.41,-0.37,0.0
2023-03-08,001300,14.85,14.98,15.02,14.85,1949315,29196674.0,1.13,0.47,0.07,0.0
2023-03-09,001300,15.03,14.98,15.03,14.88,1721474,25784090.9,1.0,0.0,0.0,0.0
2023-03-10,001300,14.97,14.7,14.98,14.67,2362914,34733514.8,2.06,-1.86,-0.28,0.0
2023-03-13,001300,14.71,14.57,14.72,14.38,2057300,29975168.4,2.3,-0.88,-0.13,0.0
2023-03-14,001300,14.59,14.37,14.64,14.15,2146882,30853353.7,3.34,-1.37,-0.2,0.0
2023-03-15,001300,14.42,14.47,14.58,14.42,1376813,19923440.4,1.11,0.69,0.1,0.0
2023-03-16,001300,14.33,14.23,14.45,14.21,1500848,21360073.6,1.65,-1.65,-0.24,0.0
2023-03-17,001300,14.32,14.35,14.38,14.26,1289693,18508833.0,0.84,0.84,0.12,0.0
2023-03-20,001300,14.34,14.51,14.57,14.14,2467728,35807908.2,2.98,1.11,0.16,0.0
2023-03-21,001300,14.45,14.7,14.72,14.45,2022852,29734793.5,1.85,1.3,0.19,0.0
2023-03-22,001300,14.66,14.71,14.77,14.59,1740296,25598685.4,1.22,0.07,0.01,0.0
2023-03-23,001300,14.67,14.51,14.67,14.5,1550130,22493124.3,1.15,-1.35,-0.2,0.0
2023-03-24,001300,14.54,14.51,14.6,14.38,1521074,22071507.9,1.51,0.0,0.0,0.0
2023-03-27,001300,14.44,14.35,14.44,14.26,1510163,21672874.6,1.23,-1.1,-0.16,0.0
2023-03-28,001300,14.43,14.31,14.44,14.27,1082130,15486976.3,1.18,-0.28,-0.04,0.0
2023-03-29,001300,14.31,14.23,14.34,14.17,1249375,17781109.0,1.18,-0.56,-0.08,0.0
2023-03-30,001300,14.22,14.25,14.29,14.16,1111737,15844356.8,0.91,0.14,0.02,0.0
2023-03-31,001300,14.28,14.36,14.37,14.27,1009563,14498630.8,0.7,0.77,0.11,0.0
2023-04-03,001300,14.36,14.4,14.4,14.33,1098067,15813345.6,0.48,0.28,0.04,0.0
2023-04-04,001300,14.37,14.21,14.37,14.14,1849100,26279615.3,1.59,-1.31,-0.19,0.0
2023-04-06,001300,14.15,13.97,14.16,13.94,1753393,24500897.1,1.54,-1.68,-0.24,0.0
2023-04-07,001300,13.95,14.04,14.1,13.95,702926,9871216.1,1.07,0.5,0.07,0.0
2023-04-10,001300,14.06,13.96,14.17,13.92,1351363,18869721.2,1.77,-0.57,-0.08,0.0
2023-04-11,001300,14.0,13.72,14.0,13.67,1597210,21921359.0,2.42,-1.71,-0.24,0.0
2023-04-12,001300,13.72,13.84,13.9,13.67,1745246,24161410.1,1.74,0.87,0.12,0.0
2023-04-13,001300,13.78,13.71,13.84,13.69,1035213,14197777.6,1.08,-0.93,-0.13,0.0
2023-04-14,001300,13.72,13.72,13.79,13.67,889662,12210417.0,0.94,0.07,0.01,0.0
2023-04-17,001300,13.72,13.81,13.81,13.68,932390,12880307.7,1.01,0.65,0.09,0.0
2023-04-18,001300,13.78,13.78,13.87,13.73,943552,13006349.5,1.01,-0.22,-0.03,0.0
2023-04-19,001300,13.76,13.69,13.81,13.68,867579,11881447.8,1.01,-0.65,-0.09,0.0
2023-04-20,001300,13.69,13.4,13.69,13.32,1763868,23629800.0,2.76,-2.18,-0.3,0.0
2023-04-21,001300,13.4,12.96,13.43,12.94,1764501,22866130.8,3.64,-3.27,-0.44,0.0
2023-04-24,001300,12.94,13.08,13.11,12.61,1803120,23581789.9,3.84,0.92,0.12,0.0
2023-04-25,001300,12.99,12.55,13.1,12.4,2037389,25571703.8,5.32,-4.03,-0.53,0.0
2023-04-26,001300,12.55,12.78,12.86,12.46,1316424,16823846.9,3.17,1.82,0.23,0.0
2023-04-27,001300,12.89,12.76,12.91,12.73,958900,12235630.1,1.4,-0.16,-0.02,0.0
2023-04-28,001300,12.26,12.5,12.5,12.17,2003945,25052290.0,2.57,-2.03,-0.26,0.0
2023-05-04,001300,12.43,12.46,12.58,12.35,1138363,14185942.0,1.83,-0.32,-0.04,0.0
2023-05-05,001300,12.47,12.29,12.52,12.28,1133957,13939314.1,1.92,-1.36,-0.17,0.0
2023-05-08,001300,12.31,12.68,13.03,12.31,2360736,29935324.2,5.83,3.16,0.39,0.0
2023-05-09,001300,12.61,12.45,12.66,12.43,1478732,18412815.0,1.8,-1.8,-0.23,0.0
2023-05-10,001300,12.44,12.54,12.67,12.44,1102936,13832215.3,1.84,0.72,0.09,0.0
2023-05-11,001300,12.55,12.81,12.92,12.54,1667959,21366215.1,3.01,2.14,0.27,0.0
2023-05-12,001300,12.78,12.69,12.93,12.68,1380427,17518242.1,1.94,-0.93,-0.12,0.0
2023-05-15,001300,12.68,12.65,12.71,12.48,915001,11575374.9,1.8,-0.31,-0.04,0.0
2023-05-16,001300,12.68,12.51,12.68,12.46,917853,11483655.1,1.73,-1.1,-0.14,0.0
2023-05-17,001300,12.51,12.71,12.73,12.51,1110068,14109343.3,1.75,1.59,0.2,0.0
2023-05-18,001300,12.78,13.0,13.36,12.67,3088600,40147973.8,5.4,2.27,0.29,0.0
2023-05-19,001300,13.0,12.9,13.03,12.74,1771771,22854616.8,2.22,-0.77,-0.1,0.0
2023-05-22,001300,12.9,12.94,12.98,12.78,1206453,15610401.4,1.54,0.31,0.04,0.0
2023-05-23,001300,12.97,12.94,13.11,12.85,1342201,17366856.7,2.0,0.0,0.0,0.0
2023-05-24,001300,12.94,12.92,12.99,12.83,935974,12092032.6,1.23,-0.15,-0.02,0.0
2023-05-25,001300,12.78,13.05,13.32,12.75,2389752,31182651.8,4.39,1.0,0.13,0.0
2023-05-26,001300,12.98,12.88,12.99,12.82,1410124,18161571.6,1.3,-1.3,-0.17,0.0
2023-05-29,001300,12.89,12.84,12.95,12.76,930863,11951939.3,1.47,-0.31,-0.04,0.0
2023-05-30,001300,12.93,12.92,12.95,12.78,799826,10333109.7,1.32,0.62,0.08,0.0
2023-05-31,001300,12.86,13.0,13.33,12.79,2319589,30151783.4,4.16,0.62,0.08,0.0
2023-06-01,001300,13.01,13.23,13.45,12.94,3864530,51118099.9,3.9,1.76,0.23,0.0
2023-06-02,001300,13.19,13.13,13.26,13.06,1796848,23589115.3,1.5,-0.75,-0.1,0.0
2023-06-05,001300,13.13,13.14,13.19,13.04,1061248,13942673.7,1.14,0.08,0.01,0.0
2023-06-06,001300,13.1,12.85,13.13,12.81,1435315,18443191.9,2.42,-2.2,-0.29,0.0
2023-06-07,001300,12.89,12.63,12.92,12.62,1253272,15829799.6,2.32,-1.7,-0.22,0.0
2023-06-08,001300,12.67,12.55,12.84,12.55,1083146,13594796.4,2.28,-0.63,-0.08,0.0
2023-06-09,001300,12.56,12.52,12.61,12.42,980830,12281342.8,1.51,-0.24,-0.03,0.0
2023-06-12,001300,12.51,13.0,13.28,12.5,3670047,47706064.5,6.2,3.81,0.48,0.0
2023-06-13,001300,12.92,13.0,13.19,12.8,2300985,29909954.5,2.98,0.0,0.0,0.0
2023-06-14,001300,13.01,12.85,13.03,12.84,1385700,17805660.1,1.45,-1.15,-0.15,0.0
2023-06-15,001300,12.87,12.88,12.93,12.8,1064663,13712236.1,1.01,0.23,0.03,0.0
2023-06-16,001300,12.87,12.87,12.92,12.83,935522,12039672.0,0.69,-0.08,-0.01,0.0
2023-06-19,001300,12.86,12.7,12.89,12.69,1139300,14469561.8,1.55,-1.31,-0.17,0.0
2023-06-20,001300,12.7,12.65,12.71,12.52,893063,11297844.5,1.49,-0.39,-0.05,0.0
2023-06-21,001300,12.65,12.43,12.69,12.43,991126,12321548.2,2.04,-1.73,-0.22,0.0
2023-06-26,001300,12.47,12.23,12.5,12.21,1002078,12258377.9,2.32,-1.6,-0.2,0.0
2023-06-27,001300,12.23,12.4,12.42,12.23,740469,9183320.2,1.54,1.38,0.17,0.0
2023-06-28,001300,12.39,12.41,12.52,12.23,881283,10938463.3,2.33,0.08,0.01,0.0
2023-06-29,001300,12.41,12.56,12.59,12.33,924000,11606511.9,2.08,1.2,0.15,0.0
2023-06-30,001300,12.57,12.63,12.68,12.53,923852,11668968.9,1.19,0.55,0.07,0.0
2023-07-03,001300,12.64,12.62,12.75,12.59,912106,11511536.1,1.26,-0.08,-0.01,0.0
2023-07-04,001300,12.64,12.68,12.69,12.57,776227,9842950.2,0.95,0.47,0.06,0.0
2023-07-05,001300,12.75,12.69,12.92,12.64,1191189,15116726.4,2.2,0.08,0.01,0.0
2023-07-06,001300,12.69,12.69,12.69,12.57,795937,10100800.0,0.94,0.0,0.0,0.0
2023-07-07,001300,12.73,12.62,12.73,12.59,560300,7071451.9,1.1,-0.55,-0.07,0.0
2023-07-10,001300,12.67,12.69,12.77,12.63,682800,8665040.4,1.1,0.55,0.07,0.0
2023-07-11,001300,12.73,12.71,12.73,12.63,591400,7516895.9,0.78,0.16,0.02,0.0
2023-07-12,001300,12.67,12.62,12.73,12.58,800155,10098621.4,1.17,-0.7,-0.09,0.0
2023-07-13,001300,12.66,12.71,12.88,12.57,1381506,17559413.0,2.44,0.71,0.09,0.0
2023-07-14,001300,12.7,12.74,12.77,12.6,1118463,14249418.9,1.33,0.23,0.03,0.0
2023-07-17,001300,12.67,12.68,12.75,12.5,1039337,13179317.8,1.95,-0.47,-0.06,0.0
2023-07-18,001300,12.68,12.8,12.85,12.61,1500278,19203334.1,1.88,0.94,0.12,0.0
2023-07-19,001300,12.79,12.79,12.86,12.72,678698,8680483.3,1.09,-0.08,-0.01,0.0
2023-07-20,001300,12.81,12.66,12.85,12.64,877500,11109688.8,1.63,-1.01,-0.13,0.0
2023-07-21,001300,12.64,12.68,12.88,12.63,1106263,14028077.7,1.97,0.16,0.02,0.0
2023-07-24,001300,12.75,12.57,12.79,12.55,904520,11370432.0,1.89,-0.87,-0.11,0.0
2023-07-25,001300,12.61,12.94,12.98,12.61,2873337,37182149.7,2.94,2.94,0.37,0.0
2023-07-26,001300,12.95,12.86,12.95,12.79,1091500,14037198.6,1.24,-0.62,-0.08,0.0
2023-07-27,001300,12.85,12.74,12.93,12.72,1145448,14593643.0,1.63,-0.93,-0.12,0.0
2023-07-28,001300,12.74,12.81,12.83,12.68,816532,10460185.6,1.18,0.55,0.07,0.0
2023-07-31,001300,12.84,12.93,12.94,12.82,1290000,16680234.3,0.94,0.94,0.12,0.0
2023-08-01,001300,12.92,12.82,12.92,12.78,976474,12518880.6,1.08,-0.85,-0.11,0.0
2023-08-02,001300,12.83,12.83,12.87,12.76,609626,7821799.8,0.86,0.08,0.01,0.0
2023-08-03,001300,12.79,12.84,12.84,12.72,748098,9605938.7,0.93,0.08,0.01,0.0
2023-08-04,001300,12.87,12.84,13.0,12.81,1453563,18664449.2,1.48,0.0,0.0,0.0
2023-08-07,001300,12.83,12.7,12.83,12.66,963163,12232733.9,1.32,-1.09,-0.14,0.0
2023-08-08,001300,12.72,12.65,12.73,12.62,699026,8843113.3,0.87,-0.39,-0.05,0.0
2023-08-09,001300,12.62,12.48,12.63,12.45,1173100,14641164.6,1.42,-1.34,-0.17,0.0
2023-08-10,001300,12.48,12.66,12.68,12.46,1129302,14297657.8,1.76,1.44,0.18,0.0
2023-08-11,001300,12.63,12.59,12.77,12.54,961097,12100852.1,1.82,-0.55,-0.07,0.0
2023-08-14,001300,12.57,12.51,12.57,12.39,768963,9620285.4,1.43,-0.63,-0.08,0.0
2023-08-15,001300,12.53,12.79,12.98,12.43,3019567,38621828.4,4.39,2.24,0.28,0.0
2023-08-16,001300,12.75,12.78,12.97,12.75,2489453,31816516.8,1.72,-0.08,-0.01,0.0
2023-08-17,001300,12.7,12.83,12.85,12.62,1635474,20983931.4,1.8,0.39,0.05,0.0
2023-08-18,001300,12.76,13.04,13.11,12.76,4378374,57095454.1,2.73,1.64,0.21,0.0
2023-08-21,001300,13.14,13.44,13.72,12.92,8785477,118077134.0,6.13,3.07,0.4,0.0
2023-08-22,001300,13.21,12.93,13.23,12.65,5755405,74419770.5,4.31,-3.79,-0.51,0.0
2023-08-23,001300,12.81,12.41,13.02,12.4,3443579,42737570.2,4.79,-4.02,-0.52,0.0
2023-08-24,001300,12.41,11.76,12.51,11.59,3694403,43450915.4,7.41,-5.23,-0.65,0.0
2023-08-25,001300,11.62,11.33,11.86,11.29,2412582,27338414.6,4.84,-3.65,-0.43,0.0
2023-08-28,001300,11.78,11.59,11.98,11.54,3165467,36692218.8,3.88,2.29,0.26,0.0
2023-08-29,001300,11.64,12.14,12.22,11.55,3567401,43311811.4,5.78,4.74,0.55,0.0
2023-08-30,001300,12.14,12.02,12.25,11.98,1830500,22004602.7,2.22,-0.99,-0.12,0.0
2023-08-31,001300,12.07,12.17,12.39,11.94,2267500,27597691.7,3.74,1.25,0.15,0.0
2023-09-01,001300,12.15,12.57,12.85,12.07,3902574,49058011.3,6.4,3.28,0.4,0.0
2023-09-04,001300,12.57,12.65,12.65,12.39,2441863,30891084.4,2.07,0.64,0.08,0.0
2023-09-05,001300,12.57,12.44,12.64,12.41,1461000,18175974.9,1.82,-1.66,-0.21,0.0
2023-09-06,001300,12.52,12.36,12.52,12.33,1084500,13405327.7,1.53,-0.64,-0.08,0.0
2023-09-07,001300,12.41,12.21,12.41,12.17,1034063,12626889.5,1.94,-1.21,-0.15,0.0
2023-09-08,001300,12.24,12.22,12.32,12.14,845600,10334026.6,1.47,0.08,0.01,0.0
2023-09-11,001300,12.24,12.28,12.32,12.1,937920,11518498.2,1.8,0.49,0.06,0.0
2023-09-12,001300,12.29,12.35,12.4,12.25,886400,10947787.6,1.22,0.57,0.07,0.0
2023-09-13,001300,12.34,12.19,12.41,12.12,915500,11160826.4,2.35,-1.29,-0.16,0.0
2023-09-14,001300,12.19,11.93,12.19,11.79,1862100,22217004.1,3.28,-2.13,-0.26,0.0
2023-09-15,001300,11.93,11.82,11.96,11.77,1027200,12142774.2,1.59,-0.92,-0.11,0.0
2023-09-18,001300,11.84,12.05,12.11,11.74,1445670,17421865.2,3.13,1.94,0.23,0.0
2023-09-19,001300,12.04,11.84,12.14,11.8,1207900,14303013.0,2.82,-1.74,-0.21,0.0
2023-09-20,001300,11.83,11.75,11.92,11.73,671489,7890860.9,1.6,-0.76,-0.09,0.0
2023-09-21,001300,11.78,11.68,11.89,11.5,1099383,12842266.9,3.32,-0.6,-0.07,0.0
2023-09-22,001300,11.67,11.91,11.92,11.59,768986,9159523.0,2.82,1.97,0.23,0.0
2023-09-25,001300,11.91,11.7,11.92,11.66,843883,9874549.6,2.18,-1.76,-0.21,0.0
2023-09-26,001300,11.65,11.61,11.76,11.57,686163,7967307.6,1.62,-0.77,-0.09,0.0
2023-09-27,001300,11.59,11.67,11.74,11.54,826149,9642273.0,1.72,0.52,0.06,0.0
2023-09-28,001300,11.69,11.82,11.82,11.68,647194,7650633.4,1.2,1.28,0.15,0.0
2023-10-09,001300,11.81,11.51,11.81,11.46,1471200,16935670.2,2.96,-2.62,-0.31,0.0
2023-10-10,001300,11.51,11.52,11.59,11.47,626900,7222802.4,1.04,0.09,0.01,0.0
2023-10-11,001300,11.54,11.55,11.6,11.44,608774,7032214.7,1.39,0.26,0.03,0.0
2023-10-12,001300,11.59,11.49,11.59,11.4,910602,10464165.4,1.64,-0.52,-0.06,0.0
2023-10-13,001300,11.4,10.75,11.45,10.71,3900600,41939366.0,6.43,-6.43,-0.74,0.0
2023-10-16,001300,10.75,10.91,11.03,10.72,2065299,22536358.9,2.88,1.49,0.16,0.0
2023-10-17,001300,10.94,11.08,11.18,10.81,1677370,18588254.0,3.39,1.56,0.17,0.0
2023-10-18,001300,11.11,10.69,11.11,10.64,1477770,15800425.9,4.24,-3.52,-0.39,0.0
2023-10-19,001300,10.69,10.68,10.91,10.58,1085500,11595399.2,3.08,-0.09,-0.01,0.0
2023-10-20,001300,10.69,10.66,10.84,10.61,713315,7605433.0,2.15,-0.19,-0.02,0.0
2023-10-23,001300,10.6,10.6,10.74,10.44,2016767,21382046.9,2.81,-0.56,-0.06,0.0
2023-10-24,001300,10.84,10.99,11.02,10.49,2155122,23688781.6,5.0,3.68,0.39,0.0
2023-10-25,001300,11.08,11.03,11.1,10.9,1137500,12548697.8,1.82,0.36,0.04,0.0
2023-10-26,001300,11.01,11.16,11.19,10.81,1662100,18551904.8,3.44,1.18,0.13,0.0
2023-10-27,001300,11.16,12.28,12.28,11.16,4777908,58676992.1,10.03,10.03,1.12,0.0
2023-10-30,001300,12.57,11.77,12.58,11.7,8982520,105735700.7,7.16,-4.15,-0.51,0.0
2023-10-31,001300,11.74,12.28,12.95,11.61,12813856,157365635.3,11.38,4.33,0.51,0.0
2023-11-01,001300,12.11,12.39,12.77,11.92,11020174,136548924.4,6.92,0.9,0.11,0.0
2023-11-02,001300,12.21,12.14,12.49,12.01,7310526,88757087.7,3.87,-2.02,-0.25,0.0
2023-11-03,001300,12.07,11.98,12.19,11.82,5232362,62689547.6,3.05,-1.32,-0.16,0.0
2023-11-06,001300,11.91,12.14,12.26,11.87,4515200,54819038.0,3.25,1.33,0.16,0.0
2023-11-07,001300,12.14,12.16,12.23,11.99,3451974,41979404.0,1.98,0.16,0.02,0.0
2023-11-08,001300,12.1,12.15,12.24,12.02,2607026,31677953.1,1.81,-0.08,-0.01,0.0
2023-11-09,001300,12.1,12.02,12.16,11.98,2331500,28027168.1,1.48,-1.07,-0.13,0.0
2023-11-10,001300,12.08,13.22,13.22,11.92,12109835,160094435.6,10.81,9.98,1.2,0.0
2023-11-13,001300,14.54,14.54,14.54,13.93,13408249,194945505.7,4.61,9.98,1.32,0.0
2023-11-14,001300,15.75,16.0,16.0,15.45,15578430,249225909.3,3.78,10.03,1.46,0.0
2023-11-15,001300,16.19,17.6,17.6,16.08,25145641,442486744.6,9.49,9.99,1.6,0.0
2023-11-16,001300,19.36,19.36,19.36,17.61,36921706,714643687.2,9.94,9.99,1.76,0.0
2023-11-17,001300,21.29,21.29,21.29,21.29,10221271,217653934.6,0.0,10.02,1.94,0.0
2023-11-20,001300,20.24,23.42,23.42,19.17,49194885,1152273886.0,19.99,10.0,2.13,0.0
2023-11-21,001300,23.76,25.76,25.76,23.75,32376626,834051164.3,8.58,9.98,2.34,0.0
2023-11-22,001300,26.98,28.34,28.34,23.18,37287138,1056679945.5,20.02,10.01,2.58,0.0
2023-11-23,001300,31.08,25.5,31.11,25.5,46225531,1178801737.2,19.78,-10.01,-2.84,0.0
2023-11-24,001300,23.15,22.95,24.83,22.95,36684910,842028147.0,7.37,-9.99,-2.55,0.0
2023-11-27,001300,21.89,20.7,22.37,20.7,31857518,659598788.1,7.27,-9.8,-2.25,0.0
2023-11-28,001300,20.97,20.7,21.18,20.24,20902234,432773457.6,4.54,0.0,0.0,0.0
2023-11-29,001300,20.54,21.13,21.15,20.14,22048155,465973042.2,4.92,2.08,0.43,0.0
2023-11-30,001300,20.73,22.12,22.48,20.64,30811470,681660579.1,8.7,4.68,0.99,0.0
2023-12-01,001300,21.78,21.92,23.56,21.38,37082600,812989578.2,9.85,-0.9,-0.2,0.0
2023-12-04,001300,21.03,22.92,22.97,21.01,30018655,688117867.7,8.93,4.56,1.0,0.0
2023-12-05,001300,22.66,23.6,24.7,22.38,36735905,867059371.5,10.11,2.96,0.68,0.0
2023-12-06,001300,22.78,24.66,24.88,21.98,41905197,1033454166.6,12.28,4.49,1.06,0.0
2023-12-07,001300,24.01,22.19,24.64,22.19,33522358,743980004.2,9.93,-10.01,-2.47,0.0
2023-12-08,001300,20.67,19.98,21.6,19.98,29124694,581771328.9,7.34,-10.0,-2.22,0.0
2023-12-11,001300,19.58,20.3,20.46,19.36,18731671,380345585.0,5.55,1.65,0.33,0.0
2023-12-12,001300,20.78,21.04,21.68,20.57,23514853,494855955.1,5.46,3.64,0.74,0.0
2023-12-13,001300,21.04,20.31,21.28,20.05,19916726,404607083.7,5.89,-3.47,-0.73,0.0
2023-12-14,001300,20.28,19.29,20.41,19.22,16957788,327042841.7,5.9,-5.07,-1.03,0.0
2023-12-15,001300,19.19,19.58,19.78,18.93,13863663,271387983.2,4.4,1.5,0.29,0.0
2023-12-18,001300,19.41,20.24,21.28,19.41,22504733,455608166.8,9.6,3.42,0.67,0.0
2023-12-19,001300,20.4,19.35,20.6,18.75,17125622,331306447.8,9.18,-4.44,-0.9,0.0
2023-12-20,001300,19.17,19.28,19.94,19.04,12547104,241854351.3,4.65,-0.36,-0.07,0.0
2023-12-21,001300,19.25,21.2,21.2,18.87,31226746,662140692.3,12.13,10.01,1.93,0.0
2023-12-22,001300,21.28,22.25,22.86,20.88,43201921,961394113.1,9.33,4.95,1.05,0.0
2023-12-25,001300,21.69,22.02,22.25,20.03,29835169,657080036.1,10.01,-1.03,-0.23,0.0
2023-12-26,001300,22.17,24.22,24.22,22.17,43363273,1050347106.2,9.3,9.98,2.2,0.0
2023-12-27,001300,24.36,22.8,24.36,21.8,38473527,877315485.9,10.56,-5.86,-1.42,0.0
2023-12-28,001300,20.98,20.52,21.48,20.52,24623711,505396398.7,4.21,-9.99,-2.28,0.0
2023-12-29,001300,19.75,20.26,20.77,19.73,18472140,374337518.3,5.11,-1.27,-0.26,0.0
2024-01-02,001300,20.3,20.74,20.86,20.0,17039146,353470630.7,4.29,2.37,0.48,0.0
2024-01-03,001300,20.44,19.57,20.44,19.33,16441834,321692644.7,5.39,-5.68,-1.18,0.0
2024-01-04,001300,19.67,20.4,20.75,19.15,19155116,390857707.3,8.22,4.29,0.84,0.0
2024-01-05,001300,20.74,19.65,20.94,19.5,16137348,317025257.4,7.1,-3.72,-0.76,0.0
2024-01-08,001300,19.65,20.03,20.63,19.42,15357361,307533550.1,6.21,1.93,0.38,0.0
2024-01-09,001300,20.09,18.34,20.57,18.04,22047948,404280141.6,12.67,-8.43,-1.69,0.0
2024-01-10,001300,17.99,17.25,18.19,17.01,17661930,304619108.8,6.43,-5.94,-1.09,0.0
2024-01-11,001300,17.31,17.84,17.96,17.26,11854123,211439367.9,4.06,3.42,0.59,0.0
2024-01-12,001300,17.99,16.85,18.04,16.79,12526948,211047897.9,7.0,-5.55,-0.99,0.0
2024-01-15,001300,16.85,16.85,16.85,16.85,0,0.0,0.0,0.0,0.0,0.0
2024-01-16,001300,16.99,16.86,17.07,16.43,7216434,121651064.2,3.8,0.06,0.01,0.0
2024-01-17,001300,16.69,16.98,17.44,16.69,10156074,172423883.9,4.45,0.71,0.12,0.0
2024-01-18,001300,17.13,17.06,17.65,16.55,10730278,183030150.1,6.47,0.47,0.08,0.0
2024-01-19,001300,16.76,16.72,18.02,16.69,15601257,260815661.2,7.79,-1.99,-0.34,0.0
2024-01-22,001300,16.32,15.87,16.72,15.49,11256715,178624216.3,7.35,-5.08,-0.85,0.0
2024-01-23,001300,15.83,15.81,16.1,15.54,6855600,108375250.8,3.53,-0.38,-0.06,0.0
2024-01-24,001300,15.82,16.04,16.33,15.58,6755774,108349851.5,4.74,1.45,0.23,0.0
2024-01-25,001300,15.93,16.41,16.42,15.71,7293674,119673413.5,4.42,2.31,0.37,0.0
2024-01-26,001300,16.41,16.16,16.59,16.1,5226600,84451517.4,2.98,-1.52,-0.25,0.0
2024-01-29,001300,16.15,15.37,16.16,15.33,4858337,74665874.6,5.13,-4.89,-0.79,0.0
2024-01-30,001300,15.27,14.93,15.45,14.88,3852589,57515039.9,3.71,-2.86,-0.44,0.0
2024-01-31,001300,14.88,14.06,15.13,14.02,5510371,77473485.3,7.43,-5.82,-0.87,0.0
2024-02-01,001300,14.0,13.79,14.07,13.49,5185896,71512353.3,4.12,-1.92,-0.27,0.0
2024-02-02,001300,13.99,13.26,14.05,12.73,4322300,57314436.8,9.57,-3.84,-0.53,0.0
2024-02-05,001300,13.1,11.93,13.11,11.93,4068463,48541463.5,8.89,-10.02,-1.33,0.0
2024-02-06,001300,11.47,11.02,11.82,10.74,8856100,97610416.7,9.05,-7.62,-0.91,0.0
2024-02-07,001300,10.94,9.92,11.0,9.92,9551274,94773897.5,9.79,-9.97,-1.1,0.0
2024-02-08,001300,9.54,10.07,10.12,8.93,16602686,167231096.9,11.98,1.51,0.15,0.0
2024-02-19,001300,10.01,10.69,10.69,9.96,13552640,144905827.4,7.24,6.15,0.62,0.0
2024-02-20,001300,10.77,11.24,11.57,10.41,12295740,138224612.1,10.84,5.14,0.55,0.0
2024-02-21,001300,11.47,11.87,12.37,11.31,20518937,243584396.9,9.42,5.6,0.63,0.0
2024-02-22,001300,11.65,13.06,13.06,11.65,21537046,281280669.4,11.87,10.02,1.19,0.0
2024-02-23,001300,13.06,13.49,13.75,12.89,23616926,318592326.3,6.58,3.29,0.43,0.0
2024-02-26,001300,13.26,13.39,13.69,12.99,17889574,239542715.7,5.19,-0.74,-0.1,0.0
2024-02-27,001300,13.36,14.0,14.06,13.19,16430779,230024700.8,6.49,4.55,0.61,0.0
2024-02-28,001300,14.09,12.6,14.29,12.6,18534516,233547105.0,12.06,-9.99,-1.4,0.0
2024-02-29,001300,12.07,13.03,13.17,11.89,11465463,149398883.4,10.15,3.41,0.43,0.0
2024-03-01,001300,13.02,13.42,13.45,12.89,10325005,138562099.6,4.29,2.99,0.39,0.0
2024-03-04,001300,13.42,13.6,13.62,12.82,11045263,150214664.6,5.96,1.34,0.18,0.0
2024-03-05,001300,13.5,13.19,13.59,13.04,8567500,113007225.2,4.04,-3.01,-0.41,0.0
2024-03-06,001300,13.07,13.59,13.75,12.94,9867859,134103471.3,6.14,3.03,0.4,0.0
2024-03-07,001300,13.71,13.79,14.63,13.53,17495700,241261814.7,8.09,1.47,0.2,0.0
2024-03-08,001300,13.79,13.43,13.89,13.24,9737646,130777006.6,4.71,-2.61,-0.36,0.0
2024-03-11,001300,13.38,13.32,13.45,13.1,6735363,89715881.0,2.6,-0.82,-0.11,0.0
2024-03-12,001300,13.32,14.65,14.65,13.32,9568081,140164161.5,9.98,9.98,1.33,0.0
2024-03-13,001300,15.2,15.49,16.12,14.65,34256220,530578071.9,10.03,5.73,0.84,0.0
2024-03-14,001300,14.88,14.67,15.07,14.49,16618080,243772702.0,3.74,-5.29,-0.82,0.0
2024-03-15,001300,14.51,14.81,15.2,14.44,13131236,194460762.2,5.18,0.95,0.14,0.0
2024-03-18,001300,14.68,15.1,15.11,14.66,13593325,205242982.3,3.04,1.96,0.29,0.0
2024-03-19,001300,15.0,14.81,15.04,14.8,9807558,145240341.7,1.59,-1.92,-0.29,0.0
2024-03-20,001300,14.92,15.34,15.4,14.84,16175277,248106584.6,3.78,3.58,0.53,0.0
2024-03-21,001300,15.19,15.21,15.39,14.91,11590132,176271141.1,3.13,-0.85,-0.13,0.0
2024-03-22,001300,15.09,15.04,15.11,14.69,9455685,142202644.8,2.76,-1.12,-0.17,0.0
2024-03-25,001300,14.89,15.49,16.43,14.24,21238966,328960102.1,14.55,2.99,0.45,0.0
2024-03-26,001300,15.32,16.39,16.99,15.2,27070348,443624848.9,11.55,5.81,0.9,0.0
2024-03-27,001300,15.98,15.3,16.38,15.04,18148159,277642501.9,8.17,-6.65,-1.09,0.0
2024-03-28,001300,15.19,15.85,16.3,14.69,17529444,277811034.4,10.52,3.59,0.55,0.0
2024-03-29,001300,15.86,16.51,16.59,15.49,14356400,236992047.4,6.94,4.16,0.66,0.0
2024-04-01,001300,16.4,16.56,16.57,16.18,16431059,272060971.3,2.36,0.3,0.05,0.0
2024-04-02,001300,16.49,15.85,16.49,15.81,11704056,185488821.2,4.1,-4.28,-0.71,0.0
2024-04-03,001300,15.92,15.45,16.39,15.39,10834300,167374196.7,6.31,-2.52,-0.4,0.0
2024-04-08,001300,15.21,13.9,15.23,13.9,11737770,163151427.6,8.6,-10.03,-1.55,0.0
2024-04-09,001300,13.41,13.52,14.16,13.39,9653484,130514887.1,5.54,-2.73,-0.38,0.0
2024-04-10,001300,13.48,12.82,13.49,12.63,12429393,159350978.3,6.36,-5.17,-0.7,0.0
2024-04-11,001300,12.69,12.98,13.12,12.59,7346590,95361509.3,4.13,1.25,0.16,0.0
2024-04-12,001300,12.88,12.8,13.09,12.72,5255788,67276774.0,2.85,-1.39,-0.18,0.0
2024-04-15,001300,12.84,11.84,12.87,11.54,9397066,111272751.8,10.38,-7.49,-0.96,0.0
2024-04-16,001300,11.88,10.66,11.89,10.66,4817700,51366780.0,10.38,-9.96,-1.18,0.0
2024-04-17,001300,10.39,11.62,11.66,10.39,10229807,118884521.7,11.9,9.0,0.96,0.0
2024-04-18,001300,11.72,11.73,11.98,11.24,8687050,101910417.6,6.36,0.95,0.11,0.0
2024-04-19,001300,11.62,11.35,11.73,11.3,5253974,59640929.5,3.66,-3.24,-0.38,0.0
2024-04-22,001300,11.32,11.19,11.41,10.84,3985363,44602998.4,5.02,-1.41,-0.16,0.0
2024-04-23,001300,11.23,11.64,11.69,11.23,4793414,55801905.1,4.11,4.02,0.45,0.0
2024-04-24,001300,11.64,11.75,11.78,11.47,3914200,45996893.1,2.66,0.94,0.11,0.0
2024-04-25,001300,11.64,11.87,12.31,11.64,5759300,68369799.9,5.7,1.02,0.12,0.0
2024-04-26,001300,11.85,12.07,12.18,11.78,5119178,61793861.8,3.37,1.68,0.2,0.0
2024-04-29,001300,12.43,12.99,13.14,12.23,8469452,110021313.5,7.53,7.62,0.92,0.0
2024-04-30,001300,13.01,12.82,13.29,12.66,6489145,83194055.0,4.85,-1.31,-0.17,0.0
2024-05-06,001300,13.06,13.3,13.33,12.99,5756320,76559864.1,2.65,3.74,0.48,0.0
2024-05-07,001300,13.41,13.29,13.48,13.21,4986927,66276996.8,2.03,-0.08,-0.01,0.0
2024-05-08,001300,13.19,13.7,14.21,13.13,16068589,220137168.4,8.12,3.08,0.41,0.0
2024-05-09,001300,13.27,13.18,13.56,13.12,11787909,155367342.3,3.21,-3.79,-0.52,0.0
2024-05-10,001300,13.19,12.88,13.2,12.82,7016900,90380844.7,2.88,-2.27,-0.3,0.0
2024-05-13,001300,12.75,12.56,12.76,12.49,4946211,62127813.2,2.09,-2.48,-0.32,0.0
2024-05-14,001300,12.56,13.82,13.82,12.56,9654655,133424972.1,10.02,10.02,1.26,0.0
2024-05-15,001300,14.71,13.97,14.89,13.83,24537123,342774863.1,7.66,1.08,0.15,0.0
2024-05-16,001300,14.13,14.16,14.36,13.88,15805115,223792573.0,3.43,1.36,0.19,0.0
2024-05-17,001300,14.18,14.03,14.57,13.87,12561154,176227956.0,4.94,-0.92,-0.13,0.0
2024-05-20,001300,13.89,14.23,14.27,13.67,11500138,163640652.2,4.27,1.42,0.2,0.0
2024-05-21,001300,14.02,14.5,14.67,13.94,16009051,232119254.6,5.13,1.9,0.27,0.0
2024-05-22,001300,14.43,14.18,14.84,14.1,11578890,164182733.9,5.1,-2.21,-0.32,0.0
2024-05-23,001300,14.01,13.73,14.14,13.7,8245000,113202375.8,3.1,-3.17,-0.45,0.0
2024-05-24,001300,13.79,13.39,13.85,13.35,6043500,80922910.9,3.64,-2.47,-0.34,0.0
2024-05-27,001300,13.99,14.29,14.69,13.64,17333202,247681174.1,7.84,6.72,0.9,0.0
2024-05-28,001300,13.79,13.21,13.96,13.17,13779475,182029716.9,5.52,-7.55,-1.08,0.0
2024-05-29,001300,13.17,13.15,13.78,13.03,7208355,94791680.3,5.67,-0.45,-0.06,0.0
2024-05-30,001300,13.01,12.83,13.11,12.77,6173400,79207741.8,2.58,-2.43,-0.32,0.0
2024-05-31,001300,12.98,13.18,13.26,12.87,5644200,74391849.6,3.04,2.73,0.35,0.0
2024-06-03,001300,13.17,12.73,13.18,12.53,5358800,68220536.8,4.93,-3.41,-0.45,0.0
2024-06-04,001300,12.72,12.45,12.74,12.25,4944282,61560119.9,3.85,-2.2,-0.28,0.0
2024-06-05,001300,12.39,12.06,12.39,12.01,4750574,57296953.3,3.05,-3.13,-0.39,0.0
2024-06-06,001300,11.73,11.27,12.14,11.05,8011692,90304937.2,9.03,-6.55,-0.79,0.0
2024-06-07,001300,11.5,11.85,11.87,11.5,6238338,73931881.2,3.28,5.14,0.58,0.0
2024-06-11,001300,11.98,11.85,11.99,11.42,4613100,54670837.2,4.81,0.0,0.0,0.0
2024-06-12,001300,11.95,12.3,12.35,11.95,5070700,62374079.2,3.37,3.79,0.45,0.0
2024-06-13,001300,12.29,12.27,12.46,12.16,4634900,56874411.0,2.44,-0.24,-0.03,0.0
2024-06-14,001300,12.34,12.43,12.45,12.0,4328700,53809135.7,3.66,1.3,0.16,0.0
2024-06-17,001300,12.32,12.15,12.44,12.11,3764800,45746056.2,2.65,-2.25,-0.28,0.0
2024-06-18,001300,12.14,12.16,12.27,12.11,2569300,31245218.7,1.32,0.08,0.01,0.0
2024-06-19,001300,12.37,12.07,12.37,12.02,2453100,29611496.7,2.88,-0.74,-0.09,0.0
2024-06-20,001300,12.02,11.68,12.11,11.63,3165200,36973778.1,3.97,-3.23,-0.39,0.0
2024-06-21,001300,11.78,11.57,11.78,11.46,1959900,22678829.2,2.74,-0.94,-0.11,0.0
2024-06-24,001300,11.54,11.02,11.54,10.98,3309155,36472939.4,4.84,-4.75,-0.55,0.0
2024-06-25,001300,11.09,11.26,11.58,11.07,4042900,45529732.8,4.62,2.18,0.24,0.0
2024-06-26,001300,11.26,11.62,11.63,11.1,3602174,41862249.5,4.7,3.19,0.36,0.0
2024-06-27,001300,11.61,11.48,11.78,11.47,3209312,36847677.9,2.67,-1.2,-0.14,0.0
2024-06-28,001300,11.48,11.36,11.63,11.32,3063963,34811451.7,2.7,-1.04,-0.12,0.0
2024-07-01,001300,11.3,11.47,11.48,11.14,2892763,33184318.1,2.99,0.97,0.11,0.0
2024-07-02,001300,11.43,11.69,11.94,11.38,4731100,55312864.7,4.88,1.92,0.22,0.0
2024-07-03,001300,11.58,11.29,11.64,11.28,3806941,42986568.4,3.08,-3.42,-0.4,0.0
2024-07-04,001300,11.3,10.9,11.39,10.84,3050741,33258929.5,4.87,-3.45,-0.39,0.0
2024-07-05,001300,10.85,11.05,11.12,10.69,2332841,25782109.4,3.94,1.37,0.15,0.0
2024-07-08,001300,10.79,10.44,10.97,10.29,4185255,43703516.0,6.15,-5.52,-0.61,0.0
2024-07-09,001300,10.48,10.61,10.66,10.24,3703700,39304157.1,4.02,1.63,0.17,0.0
2024-07-10,001300,10.58,10.4,10.64,10.4,2137100,22230730.6,2.26,-1.98,-0.21,0.0
2024-07-11,001300,10.59,10.97,11.0,10.58,3503400,38438834.1,4.03,5.48,0.57,0.0
2024-07-12,001300,11.01,11.01,11.21,10.88,2577900,28387414.6,3.01,0.36,0.04,0.0
2024-07-15,001300,11.27,10.88,11.28,10.79,2872441,31257711.1,4.45,-1.18,-0.13,0.0
2024-07-16,001300,10.78,10.85,10.92,10.7,2141500,23239460.5,2.02,-0.28,-0.03,0.0
2024-07-17,001300,10.85,10.65,10.89,10.64,1875100,19973759.1,2.3,-1.84,-0.2,0.0
2024-07-18,001300,10.64,10.5,10.64,10.33,1788526,18783483.6,2.91,-1.41,-0.15,0.0
2024-07-19,001300,10.5,10.61,10.66,10.35,1731800,18378092.0,2.95,1.05,0.11,0.0
2024-07-22,001300,10.59,10.81,10.83,10.49,2154063,23289696.9,3.2,1.88,0.2,0.0
2024-07-23,001300,10.84,10.56,10.91,10.56,1840100,19435449.1,3.23,-2.31,-0.25,0.0
2024-07-24,001300,10.62,10.3,10.76,10.27,2416500,24895661.1,4.64,-2.46,-0.26,0.0
2024-07-25,001300,10.32,10.45,10.55,10.13,2443163,25536554.0,4.07,1.45,0.15,0.0
2024-07-26,001300,10.45,10.61,10.66,10.39,1918100,20355132.4,2.58,1.53,0.16,0.0
2024-07-29,001300,10.62,10.65,10.74,10.43,1794563,19115870.7,2.92,0.38,0.04,0.0
2024-07-30,001300,10.65,10.74,10.85,10.54,2126974,22848033.0,2.91,0.84,0.09,0.0
2024-07-31,001300,11.31,11.14,11.49,10.88,10544893,117488454.5,5.67,3.72,0.4,0.0
2024-08-01,001300,11.14,11.17,11.22,10.96,8252600,92195724.9,2.33,0.27,0.03,0.0
2024-08-02,001300,11.1,11.16,11.67,10.97,9447800,105453754.9,6.26,-0.09,-0.01,0.0
2024-08-05,001300,11.34,10.89,11.65,10.86,10472300,114063504.7,7.07,-2.42,-0.27,0.0
2024-08-06,001300,10.94,11.1,11.22,10.8,8381500,93049480.6,3.85,1.93,0.21,0.0
2024-08-07,001300,11.14,10.89,11.14,10.86,5692300,62000103.9,2.52,-1.89,-0.21,0.0
2024-08-08,001300,10.81,10.82,10.94,10.65,3987000,43147224.8,2.66,-0.64,-0.07,0.0
2024-08-09,001300,10.97,10.56,10.97,10.56,3698741,39066731.3,3.79,-2.4,-0.26,0.0
2024-08-12,001300,10.58,10.43,10.68,10.3,2900300,30256701.8,3.6,-1.23,-0.13,0.0
2024-08-13,001300,10.54,10.5,10.54,10.31,2515700,26420420.8,2.2,0.67,0.07,0.0
2024-08-14,001300,10.55,10.49,10.57,10.46,2132200,22371515.4,1.05,-0.1,-0.01,0.0
2024-08-15,001300,10.48,10.48,10.57,10.27,2998500,31430964.4,2.86,-0.1,-0.01,0.0
2024-08-16,001300,10.51,10.22,10.51,10.22,2798300,28605402.5,2.76,-2.48,-0.26,0.0
2024-08-19,001300,10.15,10.13,10.24,10.05,2570200,26042523.8,1.86,-0.88,-0.09,0.0
2024-08-20,001300,10.18,9.87,10.18,9.8,3269200,32275770.7,3.75,-2.56,-0.26,0.0
2024-08-21,001300,9.87,9.94,10.06,9.83,1987600,19761969.1,2.33,0.71,0.07,0.0
2024-08-22,001300,10.03,9.72,10.03,9.72,2175400,21150961.0,3.12,-2.21,-0.22,0.0
2024-08-23,001300,9.68,9.53,9.75,9.51,2154700,20540611.2,2.47,-1.95,-0.19,0.0
2024-08-26,001300,9.59,9.8,9.86,9.5,2420400,23726536.0,3.77,2.83,0.27,0.0
2024-08-27,001300,9.84,9.55,9.84,9.5,1765300,16863766.9,3.47,-2.55,-0.25,0.0
2024-08-28,001300,9.49,9.7,9.77,9.39,1837100,17825027.5,3.97,1.57,0.15,0.0
2024-08-29,001300,9.69,9.75,9.78,9.53,1629600,15893114.7,2.57,0.51,0.05,0.0
2024-08-30,001300,9.79,9.94,10.05,9.72,2767500,27516225.4,3.38,1.95,0.19,0.0
2024-09-02,001300,9.94,9.85,10.03,9.85,2527300,24900717.2,1.81,-0.9,-0.09,0.0
2024-09-03,001300,9.8,9.95,10.04,9.71,2030200,20205814.0,3.35,1.01,0.1,0.0
2024-09-04,001300,9.95,10.23,10.63,9.81,9351600,95689445.1,8.23,2.81,0.28,0.0
2024-09-05,001300,10.21,10.33,10.52,10.02,9616200,99357850.2,4.88,0.98,0.1,0.0
2024-09-06,001300,10.19,10.03,10.29,9.97,5961700,59811126.4,3.09,-2.9,-0.3,0.0
2024-09-09,001300,9.87,10.12,10.18,9.86,3333974,33748140.5,3.19,0.9,0.09,0.0
2024-09-10,001300,10.11,10.2,10.26,10.04,3624563,36979373.7,2.17,0.79,0.08,0.0
2024-09-11,001300,10.15,10.1,10.19,10.04,2550700,25768473.4,1.47,-0.98,-0.1,0.0
2024-09-12,001300,10.05,10.08,10.21,10.05,2171463,21893832.6,1.58,-0.2,-0.02,0.0
2024-09-13,001300,10.08,9.85,10.17,9.85,2008100,19785197.8,3.17,-2.28,-0.23,0.0
2024-09-18,001300,9.84,9.74,9.88,9.56,2040200,19877215.3,3.25,-1.12,-0.11,0.0
2024-09-19,001300,9.85,10.11,10.18,9.77,3206000,32420684.8,4.21,3.79,0.37,0.0
2024-09-20,001300,10.12,10.08,10.15,10.0,1795201,18100161.1,1.48,-0.3,-0.03,0.0
2024-09-23,001300,10.11,10.14,10.2,10.0,1931200,19587159.0,1.98,0.59,0.06,0.0
2024-09-24,001300,10.18,10.37,10.37,10.09,3668800,38053933.3,2.76,2.27,0.23,0.0
2024-09-25,001300,10.43,10.46,10.63,10.4,4806200,50283637.3,2.22,0.87,0.09,0.0
2024-09-26,001300,10.43,10.73,10.74,10.38,3539300,37983924.1,3.44,2.58,0.27,0.0
2024-09-27,001300,10.8,11.15,11.36,10.74,6399974,71370797.7,5.77,3.91,0.42,0.0
2024-09-30,001300,11.54,12.18,12.26,11.31,8840174,107681887.6,8.51,9.23,1.03,0.0
2024-10-08,001300,13.39,12.94,13.4,12.2,10751527,139129133.1,9.84,6.23,0.76,0.0
2024-10-09,001300,12.61,11.65,12.62,11.65,8205500,95605254.3,7.49,-9.96,-1.29,0.0
2024-10-10,001300,11.65,11.52,11.8,11.17,5931690,68341720.9,5.4,-1.11,-0.13,0.0
2024-10-11,001300,11.52,11.2,11.73,11.05,5580100,62506586.1,5.9,-2.78,-0.32,0.0
2024-10-14,001300,11.2,11.49,11.49,11.07,4169674,47915728.8,3.75,2.59,0.29,0.0
2024-10-15,001300,11.38,11.45,11.84,11.3,4976800,56991877.1,4.7,-0.35,-0.04,0.0
2024-10-16,001300,11.19,11.42,11.59,11.18,3401951,38855497.6,3.58,-0.26,-0.03,0.0
2024-10-17,001300,11.59,11.29,11.65,11.24,3793451,42834244.3,3.59,-1.14,-0.13,0.0
2024-10-18,001300,11.27,11.44,11.59,11.21,4880535,55840728.2,3.36,1.33,0.15,0.0
2024-10-21,001300,11.48,11.71,11.77,11.48,5389200,63114635.1,2.53,2.36,0.27,0.0
2024-10-22,001300,11.78,12.04,12.04,11.64,5549200,66818326.7,3.41,2.82,0.33,0.0
2024-10-23,001300,12.15,11.86,12.15,11.74,5086000,60326098.8,3.4,-1.49,-0.18,0.0
2024-10-24,001300,11.82,11.92,11.94,11.72,3566938,42522047.9,1.85,0.51,0.06,0.0
2024-10-25,001300,11.94,12.28,12.33,11.83,5959600,73189228.9,4.19,3.02,0.36,0.0
2024-10-28,001300,12.29,12.57,12.59,12.29,5235274,65810957.4,2.44,2.36,0.29,0.0
2024-10-29,001300,12.58,12.12,12.67,12.12,4436151,53770651.0,4.37,-3.58,-0.45,0.0
2024-10-30,001300,12.02,12.11,12.27,11.91,3768100,45635542.0,2.97,-0.08,-0.01,0.0
2024-10-31,001300,12.11,12.41,12.5,12.11,4799949,59571207.0,3.22,2.48,0.3,0.0
2024-11-01,001300,12.31,11.79,12.44,11.75,4902963,57812105.7,5.56,-4.99,-0.62,0.0
2024-11-04,001300,12.49,12.33,12.49,11.8,7225074,89091370.1,5.85,4.58,0.54,0.0
2024-11-05,001300,12.3,12.39,12.5,12.22,6761811,83784341.2,2.27,0.49,0.06,0.0
2024-11-06,001300,12.49,12.39,12.57,12.24,5596663,69347209.3,2.66,0.0,0.0,0.0
2024-11-07,001300,12.29,12.65,12.69,12.29,5583000,70628419.4,3.23,2.1,0.26,0.0
2024-11-08,001300,12.91,12.68,12.95,12.56,5739874,72785041.7,3.08,0.24,0.03,0.0
2024-11-11,001300,12.67,12.77,12.78,12.52,5128174,65489513.3,2.05,0.71,0.09,0.0
2024-11-12,001300,12.83,12.75,12.99,12.59,5900600,75235885.7,3.13,-0.16,-0.02,0.0
2024-11-13,001300,12.59,12.67,12.85,12.29,4290900,54368310.0,4.39,-0.63,-0.08,0.0
2024-11-14,001300,12.64,12.23,12.77,12.15,3624400,44329794.3,4.89,-3.47,-0.44,0.0
2024-11-15,001300,12.2,12.01,12.47,12.0,3667000,44044689.0,3.84,-1.8,-0.22,0.0
2024-11-18,001300,12.01,11.51,12.18,11.35,4420700,50888742.1,6.91,-4.16,-0.5,0.0
2024-11-19,001300,11.53,11.76,11.76,11.38,3251690,38244043.0,3.3,2.17,0.25,0.0
2024-11-20,001300,11.79,12.94,12.94,11.72,6692500,86603672.5,10.37,10.03,1.18,0.0
2024-11-21,001300,13.41,13.17,13.44,12.98,23928364,315142215.0,3.55,1.78,0.23,0.0
2024-11-22,001300,13.69,12.85,14.49,12.81,26221377,336957107.8,12.75,-2.43,-0.32,0.0
2024-11-25,001300,13.12,13.42,13.65,13.04,19463762,261204689.9,4.74,4.43,0.57,0.0
2024-11-26,001300,13.37,14.76,14.76,13.37,21516501,317563306.7,10.35,9.98,1.34,0.0
2024-11-27,001300,14.0,14.09,14.17,13.34,23520596,331394748.4,5.62,-4.54,-0.67,0.0
2024-11-28,001300,13.79,14.62,15.5,13.53,31636263,462495671.6,13.97,3.76,0.53,0.0
2024-11-29,001300,13.99,14.7,15.47,13.67,27965774,411071802.4,12.3,0.55,0.08,0.0
2024-12-02,001300,14.47,15.63,16.15,14.29,26901417,420426511.9,12.64,6.32,0.93,0.0
2024-12-03,001300,15.32,14.78,15.37,14.78,18288460,270285957.8,3.77,-5.43,-0.85,0.0
2024-12-04,001300,14.44,13.75,14.47,13.65,17641870,242572313.9,5.54,-6.96,-1.03,0.0
2024-12-05,001300,13.77,13.89,13.98,13.64,10787248,149831668.7,2.47,1.02,0.14,0.0
2024-12-06,001300,13.85,13.92,13.99,13.64,8987885,125108497.0,2.52,0.22,0.03,0.0
2024-12-09,001300,13.94,13.79,13.98,13.57,7171769,98897100.6,2.94,-0.93,-0.13,0.0
2024-12-10,001300,14.04,13.87,14.16,13.77,8928200,123831621.2,2.83,0.58,0.08,0.0
2024-12-11,001300,13.79,14.03,14.05,13.69,7107766,99719108.1,2.59,1.15,0.16,0.0
2024-12-12,001300,14.03,14.22,14.25,13.75,11569411,164510760.5,3.56,1.35,0.19,0.0
2024-12-13,001300,14.04,14.34,14.72,14.0,15322746,219718535.5,5.06,0.84,0.12,0.0
2024-12-16,001300,14.37,14.64,14.79,14.23,12355722,180877240.0,3.9,2.09,0.3,0.0
2024-12-17,001300,15.53,15.25,16.11,15.0,31988831,487787969.8,7.58,4.16,0.61,0.0
2024-12-18,001300,14.11,13.86,14.49,13.72,23822906,330178925.8,5.05,-9.11,-1.39,0.0
2024-12-19,001300,13.37,13.33,13.58,13.05,13692728,182525682.4,3.82,-3.82,-0.53,0.0
2024-12-20,001300,13.29,13.56,13.98,13.26,11588478,157139158.7,5.4,1.72,0.23,0.0
2024-12-23,001300,13.39,12.2,13.73,12.2,13529740,165075754.2,11.27,-10.02,-1.36,0.0
2024-12-24,001300,12.27,11.92,12.37,11.78,8417500,100346386.2,4.83,-2.29,-0.28,0.0
2024-12-25,001300,11.97,11.47,11.97,11.21,7728299,88655148.2,6.37,-3.77,-0.45,0.0
2024-12-26,001300,11.51,11.74,11.82,11.45,6520299,76556759.4,3.22,2.35,0.27,0.0
2024-12-27,001300,11.89,11.96,12.16,11.69,5813300,69533654.5,4.0,1.87,0.22,0.0
2024-12-30,001300,11.89,11.76,11.94,11.54,4302563,50603656.6,3.34,-1.67,-0.2,0.0
2024-12-31,001300,11.77,11.5,11.95,11.43,4027631,46323694.8,4.42,-2.21,-0.26,0.0
2025-01-02,001300,11.39,11.35,11.68,11.22,4002600,45435851.9,4.0,-1.3,-0.15,0.0
2025-01-03,001300,11.35,10.65,11.48,10.61,5112800,54462074.4,7.66,-6.16,-0.7,0.0
2025-01-06,001300,10.6,10.72,10.95,10.22,4429500,47493323.4,6.85,0.66,0.07,0.0
2025-01-07,001300,10.74,11.1,11.1,10.74,4416400,49029854.6,3.36,3.54,0.38,0.0
2025-01-08,001300,11.12,11.18,11.27,10.81,4538700,50750428.3,4.14,0.72,0.08,0.0
2025-01-09,001300,11.16,11.13,11.28,11.1,3578200,39831621.4,1.61,-0.45,-0.05,0.0
2025-01-10,001300,11.16,10.58,11.21,10.57,4176353,44194815.7,5.75,-4.94,-0.55,0.0
2025-01-13,001300,10.4,10.8,10.96,10.13,4583653,49512584.9,7.84,2.08,0.22,0.0
2025-01-14,001300,10.95,11.51,11.88,10.8,12789272,147223282.3,9.99,6.57,0.71,0.0
2025-01-15,001300,11.51,11.7,11.88,11.38,10557841,123540733.2,4.34,1.65,0.19,0.0
2025-01-16,001300,11.75,11.73,11.79,11.46,8494900,99656247.7,2.82,0.26,0.03,0.0
2025-01-17,001300,11.66,11.46,11.82,11.45,4846637,55549749.3,3.15,-2.3,-0.27,0.0
2025-01-20,001300,11.49,11.71,11.81,11.43,5558300,65095018.9,3.31,2.18,0.25,0.0
2025-01-21,001300,12.16,11.61,12.16,11.49,6803929,79003086.9,5.72,-0.85,-0.1,0.0
2025-01-22,001300,11.51,11.29,11.59,11.23,4268700,48200580.1,3.1,-2.75,-0.32,0.0
2025-01-23,001300,11.36,11.28,11.59,11.28,3829429,43202225.0,2.74,-0.09,-0.01,0.0
2025-01-24,001300,11.29,11.38,11.43,11.15,3129600,35619740.1,2.48,0.89,0.1,0.0
2025-01-27,001300,11.43,11.54,11.74,11.43,4823200,55666696.5,2.72,1.4,0.16,0.0
2025-02-05,001300,11.66,11.67,11.71,11.49,3570700,41674884.3,1.9,1.13,0.13,0.0
2025-02-06,001300,11.59,11.85,11.88,11.56,4777069,56614069.0,2.74,1.54,0.18,0.0
2025-02-07,001300,11.89,11.97,12.02,11.75,4773606,57145437.0,2.28,1.01,0.12,0.0
2025-02-10,001300,11.95,12.06,12.08,11.89,4267056,51465214.2,1.59,0.75,0.09,0.0
2025-02-11,001300,12.05,11.93,12.05,11.82,2838100,33861811.6,1.91,-1.08,-0.13,0.0
2025-02-12,001300,11.91,12.11,12.17,11.85,5536500,67052673.3,2.68,1.51,0.18,0.0
2025-02-13,001300,12.08,12.18,12.64,12.0,9360300,114017526.4,5.28,0.58,0.07,0.0
2025-02-14,001300,12.13,12.05,12.25,11.99,5521253,66536986.5,2.13,-1.07,-0.13,0.0
2025-02-17,001300,12.14,12.2,12.26,11.99,3961400,48332864.7,2.24,1.24,0.15,0.0
2025-02-18,001300,12.19,11.77,12.19,11.69,4866702,57287280.8,4.1,-3.52,-0.43,0.0
2025-02-19,001300,11.77,12.11,12.17,11.71,5864200,71021455.2,3.9,2.89,0.34,0.0
2025-02-20,001300,12.11,12.35,12.54,12.03,6888763,85082033.2,4.21,1.98,0.24,0.0
2025-02-21,001300,12.37,12.38,12.46,12.06,5242300,64903984.1,3.24,0.24,0.03,0.0
2025-02-24,001300,12.3,12.56,12.57,12.23,5271100,66208642.6,2.74,1.45,0.18,0.0
2025-02-25,001300,12.42,12.57,13.06,12.35,14492100,182175560.6,5.65,0.08,0.01,0.0
2025-02-26,001300,12.58,12.51,12.84,12.4,7857500,98303029.3,3.5,-0.48,-0.06,0.0
2025-02-27,001300,12.51,12.39,12.52,12.15,5301437,65689118.9,2.96,-0.96,-0.12,0.0
2025-02-28,001300,12.31,11.92,12.43,11.9,4034237,48092795.3,4.27,-3.79,-0.47,0.0
2025-03-03,001300,11.97,12.2,12.49,11.91,5050800,61624585.5,4.86,2.35,0.28,0.0
2025-03-04,001300,12.07,12.31,12.37,12.07,3087200,38006127.2,2.46,0.9,0.11,0.0
2025-03-05,001300,12.37,12.18,12.39,12.02,3027900,36882756.8,3.0,-1.06,-0.13,0.0
2025-03-06,001300,12.19,12.36,12.39,12.11,4290063,53028769.4,2.3,1.48,0.18,0.0
2025-03-07,001300,12.28,12.19,12.48,12.12,3103400,37833433.9,2.91,-1.37,-0.17,0.0
2025-03-10,001300,12.19,12.22,12.29,12.09,2457700,30035403.3,1.64,0.25,0.03,0.0
2025-03-11,001300,12.14,12.44,12.51,12.0,5136463,63901589.9,4.17,1.8,0.22,0.0
2025-03-12,001300,12.48,12.9,12.96,12.41,9255700,119402569.2,4.42,3.69,0.46,0.0
2025-03-13,001300,12.92,12.7,13.87,12.67,15812776,200831511.5,9.3,-1.55,-0.2,0.0
2025-03-14,001300,12.95,12.79,12.97,12.53,7701473,98505834.9,3.46,0.71,0.09,0.0
2025-03-17,001300,12.76,12.73,12.88,12.69,5867600,74697846.8,1.48,-0.47,-0.06,0.0
2025-03-18,001300,12.73,12.65,12.79,12.55,4604500,58249786.3,1.88,-0.63,-0.08,0.0
2025-03-19,001300,12.63,12.57,12.71,12.49,3479794,43743379.0,1.74,-0.63,-0.08,0.0
2025-03-20,001300,12.55,12.65,12.83,12.48,5185594,65600986.5,2.78,0.64,0.08,0.0
2025-03-21,001300,12.55,12.58,12.9,12.46,3868950,48673999.3,3.48,-0.55,-0.07,0.0
2025-03-24,001300,12.58,12.15,12.6,11.87,4131400,50200610.0,5.8,-3.42,-0.43,0.0
2025-03-25,001300,12.14,12.02,12.26,11.79,3178500,38209030.1,3.87,-1.07,-0.13,0.0
2025-03-26,001300,11.92,12.32,12.35,11.9,3432800,42295070.8,3.74,2.49,0.3,0.0
2025-03-27,001300,12.3,12.2,12.31,12.02,2180800,26607843.5,2.35,-0.97,-0.12,0.0
2025-03-28,001300,12.2,11.87,12.23,11.86,2495200,29621017.3,3.03,-2.7,-0.33,0.0
2025-03-31,001300,11.8,11.67,11.87,11.44,2614400,30513573.7,3.62,-1.68,-0.2,0.0
2025-04-01,001300,11.84,11.85,12.08,11.66,2547850,30195116.6,3.6,1.54,0.18,0.0
2025-04-02,001300,11.85,11.96,12.04,11.73,1848700,22112546.6,2.61,0.93,0.11,0.0
2025-04-03,001300,11.89,12.12,12.14,11.72,2899200,35141245.5,3.51,1.34,0.16,0.0
2025-04-07,001300,11.27,10.91,11.51,10.91,1873300,20441282.9,4.95,-9.98,-1.21,0.0
2025-04-08,001300,10.23,10.19,10.77,9.96,6542097,66679956.3,7.42,-6.59,-0.72,0.0
2025-04-09,001300,9.94,10.33,10.45,9.29,4456950,46050723.8,11.37,1.37,0.14,0.0
2025-04-10,001300,10.52,10.75,10.89,10.52,4111500,44206969.0,3.58,4.06,0.42,0.0
2025-04-11,001300,10.69,10.83,10.98,10.65,2598885,28151044.9,3.07,0.74,0.08,0.0
2025-04-14,001300,11.09,11.91,11.91,11.09,3745400,44612096.1,7.56,9.96,1.08,0.0
2025-04-15,001300,12.05,11.59,12.05,11.34,9727000,112749623.4,5.96,-2.68,-0.32,0.0
2025-04-16,001300,11.53,11.31,11.67,11.17,5155784,58320238.7,4.31,-2.41,-0.28,0.0
2025-04-17,001300,11.37,12.44,12.44,11.24,5518701,68656927.5,10.6,9.98,1.13,0.0
2025-04-18,001300,12.59,12.22,12.75,11.93,13354200,163200872.1,6.59,-1.77,-0.22,0.0
2025-04-21,001300,11.89,12.4,12.4,11.89,7657366,94957520.8,4.17,1.47,0.18,0.0
2025-04-22,001300,12.39,12.59,12.63,12.32,7878953,99201271.7,2.5,1.53,0.19,0.0
2025-04-23,001300,12.57,12.41,12.67,12.36,6198390,76926978.5,2.46,-1.43,-0.18,0.0
2025-04-24,001300,12.41,12.32,12.51,12.13,4931900,60765281.9,3.06,-0.72,-0.09,0.0
2025-04-25,001300,12.32,12.37,12.55,12.17,4584850,56718398.0,3.08,0.41,0.05,0.0
2025-04-28,001300,12.24,12.36,12.43,12.0,4355300,53835153.3,3.47,-0.08,-0.01,0.0
2025-04-29,001300,12.29,12.45,12.53,12.19,6107200,76039344.9,2.75,0.73,0.09,0.0
2025-04-30,001300,12.46,12.27,12.57,12.23,4481981,54997956.7,2.73,-1.44,-0.18,0.0
2025-05-06,001300,12.32,12.84,12.87,12.32,8266400,106144558.4,4.48,4.64,0.57,0.0
2025-05-07,001300,12.84,13.02,13.18,12.84,7266934,94618006.6,2.65,1.4,0.18,0.0
2025-05-08,001300,13.02,12.99,13.11,12.92,3774000,49025655.6,1.46,-0.23,-0.03,0.0
2025-05-09,001300,12.99,13.2,13.29,12.89,5913743,78062675.4,3.08,1.62,0.21,0.0
2025-05-12,001300,13.35,13.32,13.49,13.09,5553343,73971226.1,3.03,0.91,0.12,0.0
2025-05-13,001300,13.58,13.3,13.59,13.19,3956400,52620675.4,3.0,-0.15,-0.02,0.0
2025-05-14,001300,13.25,13.31,13.55,13.11,5662400,75367297.0,3.31,0.08,0.01,0.0
2025-05-15,001300,13.42,13.34,13.49,13.12,3094900,41286308.8,2.78,0.23,0.03,0.0
2025-05-16,001300,13.25,13.36,13.47,13.22,2958053,39519872.0,1.87,0.15,0.02,0.0
2025-05-19,001300,13.37,13.41,13.51,13.2,3779700,50685999.9,2.32,0.37,0.05,0.0
2025-05-20,001300,13.44,13.64,13.78,13.31,4553400,62107865.2,3.5,1.71,0.23,0.0
2025-05-21,001300,13.6,13.64,13.77,13.51,3172700,43275272.1,1.9,0.0,0.0,0.0
2025-05-22,001300,13.69,13.55,13.72,13.5,2519400,34137757.6,1.61,-0.66,-0.09,0.0
2025-05-23,001300,13.75,13.41,13.85,13.39,9742897,130652823.4,3.39,-1.03,-0.14,0.0
2025-05-26,001300,13.54,13.77,13.77,13.29,5063997,69730183.4,3.58,2.68,0.36,0.0
2025-05-27,001300,13.72,13.7,13.91,13.59,2874200,39376092.7,2.32,-0.51,-0.07,0.0
2025-05-28,001300,13.65,13.86,14.17,13.65,3354500,46492447.5,3.79,1.17,0.16,0.0
2025-05-29,001300,13.93,14.18,14.18,13.68,3959200,56139429.6,3.6,2.31,0.32,0.0
2025-05-30,001300,14.29,14.32,14.45,14.09,4311700,61740890.5,2.54,0.99,0.14,0.0
2025-06-03,001300,14.39,14.46,14.78,14.35,5646800,81648667.8,3.0,0.98,0.14,0.0
2025-06-04,001300,14.41,14.65,14.84,14.34,5474343,80194419.0,3.46,1.31,0.19,0.0
2025-06-05,001300,14.59,14.07,15.09,14.05,10554853,148502238.8,7.09,-3.96,-0.58,0.0
2025-06-06,001300,13.84,14.16,14.2,13.84,7829216,110857807.3,2.56,0.64,0.09,0.0
2025-06-09,001300,14.18,14.36,14.49,14.14,4897763,70328717.5,2.47,1.41,0.2,0.0
2025-06-10,001300,14.33,14.71,14.95,14.33,10664443,156864315.4,4.31,2.44,0.35,0.0
2025-06-11,001300,14.56,14.4,14.92,14.25,6453900,92931806.0,4.55,-2.11,-0.31,0.0
2025-06-12,001300,14.36,14.43,14.97,14.18,6256600,90278378.2,5.48,0.21,0.03,0.0
2025-06-13,001300,14.27,13.86,14.35,13.78,5323200,73778088.1,3.95,-3.95,-0.57,0.0
2025-06-16,001300,13.76,13.96,14.06,13.73,3204000,44726724.8,2.38,0.72,0.1,0.0
2025-06-17,001300,14.03,14.34,15.36,14.03,25200700,361362179.9,9.52,2.72,0.38,0.0
2025-06-18,001300,13.99,14.11,14.19,13.65,18450878,260333400.9,3.76,-1.6,-0.23,0.0
2025-06-19,001300,14.1,13.3,14.11,13.27,11101500,147651508.4,5.95,-5.74,-0.81,0.0
2025-06-20,001300,13.33,13.3,14.1,13.29,6991600,92989261.5,6.09,0.0,0.0,0.0
2025-06-23,001300,13.08,13.37,13.43,13.08,5355944,71609445.7,2.63,0.53,0.07,0.0
2025-06-24,001300,13.37,13.6,13.68,13.37,4573600,62200582.3,2.32,1.72,0.23,0.0
2025-06-25,001300,13.76,13.49,13.76,13.32,4610200,62191596.9,3.23,-0.81,-0.11,0.0
2025-06-26,001300,13.52,13.18,13.65,13.14,4519000,59560421.4,3.78,-2.3,-0.31,0.0
2025-06-27,001300,13.28,13.22,13.35,13.13,3621174,47871921.2,1.67,0.3,0.04,0.0
2025-06-30,001300,13.2,13.55,13.59,13.13,4170200,56506210.8,3.48,2.5,0.33,0.0
2025-07-01,001300,13.6,13.63,13.88,13.31,5129769,69918752.1,4.21,0.59,0.08,0.0
2025-07-02,001300,13.75,13.7,13.83,13.5,4140900,56730329.2,2.42,0.51,0.07,0.0
2025-07-03,001300,13.71,13.61,13.78,13.57,2210100,30079460.2,1.53,-0.66,-0.09,0.0
2025-07-04,001300,13.61,13.31,13.65,13.3,2549100,33928522.1,2.57,-2.2,-0.3,0.0
2025-07-07,001300,13.35,13.52,13.54,13.23,2265900,30634969.0,2.33,1.58,0.21,0.0
2025-07-08,001300,13.52,13.82,13.85,13.39,4302400,59459166.7,3.4,2.22,0.3,0.0
2025-07-09,001300,13.78,13.6,13.98,13.54,3124600,42494561.2,3.18,-1.59,-0.22,0.0
2025-07-10,001300,13.6,13.46,13.62,13.35,2648300,35646118.1,1.99,-1.03,-0.14,0.0
2025-07-11,001300,13.48,13.35,13.5,13.21,2891400,38600191.1,2.15,-0.82,-0.11,0.0
2025-07-14,001300,13.41,13.37,13.57,13.23,2438537,32603239.4,2.55,0.15,0.02,0.0
2025-07-15,001300,13.3,12.87,13.34,12.61,5140400,66156947.4,5.46,-3.74,-0.5,0.0
2025-07-16,001300,12.92,13.07,13.11,12.76,3001800,39233525.1,2.72,1.55,0.2,0.0
2025-07-17,001300,13.07,13.08,13.18,13.0,2100600,27475847.8,1.38,0.08,0.01,0.0
2025-07-18,001300,13.11,12.95,13.19,12.84,2479500,32109524.5,2.68,-0.99,-0.13,0.0
2025-07-21,001300,12.96,13.13,13.23,12.9,2812400,36926812.3,2.55,1.39,0.18,0.0
2025-07-22,001300,13.13,13.03,13.13,12.9,3261500,42497344.1,1.75,-0.76,-0.1,0.0
2025-07-23,001300,13.01,12.87,13.03,12.83,2859498,36801738.9,1.53,-1.23,-0.16,0.0
2025-07-24,001300,12.98,13.08,13.1,12.81,2528500,33072779.8,2.25,1.63,0.21,0.0
2025-07-25,001300,13.11,13.13,13.33,13.07,2807300,36859849.3,1.99,0.38,0.05,0.0
2025-07-28,001300,13.27,13.16,13.31,13.11,3134808,41254072.8,1.52,0.23,0.03,0.0
2025-07-29,001300,13.25,13.02,13.25,12.88,2860408,37242513.5,2.81,-1.06,-0.14,0.0
2025-07-30,001300,13.03,13.11,13.33,12.83,4474316,58658281.2,3.84,0.69,0.09,0.0
2025-07-31,001300,13.04,12.96,13.22,12.89,4342400,56277504.2,2.52,-1.14,-0.15,0.0
2025-08-01,001300,13.09,12.95,13.1,12.86,2179442,28223773.5,1.85,-0.08,-0.01,0.0
2025-08-04,001300,12.9,13.05,13.08,12.76,2845400,37132470.5,2.47,0.77,0.1,0.0
2025-08-05,001300,13.1,13.16,13.21,13.01,2627500,34577899.6,1.53,0.84,0.11,0.0
2025-08-06,001300,13.2,13.15,13.2,13.09,2312800,30413319.1,0.84,-0.08,-0.01,0.0
2025-08-07,001300,13.19,13.22,13.25,13.07,2951700,39021474.8,1.37,0.53,0.07,0.0
2025-08-08,001300,13.21,13.17,13.26,12.98,3024700,39835299.2,2.12,-0.38,-0.05,0.0
2025-08-11,001300,13.18,13.29,13.37,13.14,3038500,40381664.9,1.75,0.91,0.12,0.0
2025-08-12,001300,13.3,13.17,13.38,13.17,2343400,30862578.2,1.58,-0.9,-0.12,0.0
2025-08-13,001300,13.16,13.12,13.26,13.02,2905774,38123754.5,1.82,-0.38,-0.05,0.0
2025-08-14,001300,13.12,13.11,13.3,13.01,4611100,60451519.4,2.21,-0.08,-0.01,0.0
2025-08-15,001300,13.02,13.12,13.23,13.02,3448623,45245933.4,1.6,0.08,0.01,0.0
2025-08-18,001300,13.13,13.15,13.27,13.06,4493300,59086893.3,1.6,0.23,0.03,0.0
2025-08-19,001300,13.15,13.37,13.4,12.92,4970908,66461039.4,3.65,1.67,0.22,0.0
2025-08-20,001300,13.34,13.61,13.71,13.25,4721047,64253448.0,3.44,1.8,0.24,0.0
2025-08-21,001300,13.63,13.77,13.88,13.62,7638353,105180124.3,1.91,1.18,0.16,0.0
2025-08-22,001300,13.8,13.67,13.85,13.48,4816942,65847597.5,2.69,-0.73,-0.1,0.0
2025-08-25,001300,13.8,13.69,13.91,13.6,6071700,83121570.5,2.27,0.15,0.02,0.0
2025-08-26,001300,13.69,14.2,14.45,13.6,8592573,122014535.0,6.21,3.73,0.51,0.0
2025-08-27,001300,14.19,14.06,14.49,14.0,7279217,102345794.1,3.45,-0.99,-0.14,0.0
2025-08-28,001300,13.98,14.08,14.19,13.51,6412300,90285183.5,4.84,0.14,0.02,0.0
2025-08-29,001300,14.06,13.89,14.37,13.83,3656547,50789439.1,3.84,-1.35,-0.19,0.0
2025-09-01,001300,13.9,14.15,14.16,13.82,3439063,48662740.1,2.45,1.87,0.26,0.0
2025-09-02,001300,14.15,13.8,14.15,13.63,3957100,54607980.8,3.67,-2.47,-0.35,0.0
2025-09-03,001300,13.79,13.49,13.9,13.4,2969717,40061481.7,3.62,-2.25,-0.31,0.0
2025-09-04,001300,13.43,13.57,13.77,13.34,2973900,40355822.1,3.19,0.59,0.08,0.0
2025-09-05,001300,14.2,13.88,14.32,13.31,8669973,120339226.2,7.44,2.28,0.31,0.0
2025-09-08,001300,13.71,14.25,14.28,13.59,7807001,111249764.2,4.97,2.67,0.37,0.0
2025-09-09,001300,14.25,14.03,14.38,14.0,4358163,61145025.7,2.67,-1.54,-0.22,0.0
2025-09-10,001300,14.1,14.48,14.55,14.04,8142848,117908435.3,3.64,3.21,0.45,0.0
2025-09-11,001300,14.39,14.74,15.2,14.22,12403266,182824138.0,6.77,1.8,0.26,0.0
2025-09-12,001300,14.72,14.27,14.77,14.21,7696400,109827631.5,3.8,-3.19,-0.47,0.0
2025-09-15,001300,14.21,14.33,14.33,13.98,3975875,56974288.4,2.45,0.42,0.06,0.0
2025-09-16,001300,14.27,14.37,14.44,14.19,3400800,48869495.6,1.74,0.28,0.04,0.0
2025-09-17,001300,14.37,14.35,14.5,14.24,2821254,40484996.0,1.81,-0.14,-0.02,0.0
2025-09-18,001300,14.3,14.21,14.77,14.02,9516000,135222360.4,5.23,-0.98,-0.14,0.0
2025-09-19,001300,14.11,14.51,14.53,13.91,6105285,88587686.7,4.36,2.11,0.3,0.0
2025-09-22,001300,14.54,14.51,14.95,14.28,5926138,85988263.7,4.62,0.0,0.0,0.0
2025-09-23,001300,14.38,14.16,14.6,13.72,4978015,70488691.6,6.06,-2.41,-0.35,0.0
2025-09-24,001300,14.01,14.22,14.71,13.95,7887600,112161674.1,5.37,0.42,0.06,0.0
2025-09-25,001300,14.22,14.42,14.53,14.01,5754900,82985658.4,3.66,1.41,0.2,0.0
2025-09-26,001300,14.26,14.52,14.66,14.03,4729074,68666156.6,4.37,0.69,0.1,0.0
2025-09-29,001300,14.61,14.95,15.5,14.4,12580441,188077590.6,7.58,2.96,0.43,0.0
2025-09-30,001300,14.98,15.09,15.15,14.8,6675700,100736314.0,2.34,0.94,0.14,0.0
2025-10-09,001300,15.0,14.78,15.09,14.75,5845774,86400538.2,2.25,-2.05,-0.31,0.0
2025-10-10,001300,14.87,15.01,15.25,14.66,7406099,111165547.7,3.99,1.56,0.23,0.0
2025-10-13,001300,14.6,15.2,15.2,14.11,6344560,96437310.8,7.26,1.27,0.19,0.0
2025-10-14,001300,15.21,15.34,15.62,15.14,6163778,94552355.5,3.16,0.92,0.14,0.0
2025-10-15,001300,15.35,16.12,16.18,15.35,11169544,180053058.7,5.41,5.08,0.78,0.0
2025-10-16,001300,16.33,15.7,16.38,15.63,9166700,143917188.3,4.65,-2.61,-0.42,0.0
2025-10-17,001300,15.8,15.49,15.94,15.39,7400099,114627531.8,3.5,-1.34,-0.21,0.0
2025-10-20,001300,15.6,15.34,15.65,15.3,4995200,76626368.8,2.26,-0.97,-0.15,0.0
2025-10-21,001300,15.41,15.44,15.51,15.0,4985610,76977816.3,3.32,0.65,0.1,0.0
2025-10-22,001300,15.44,15.04,15.58,15.01,5501159,82737431.2,3.69,-2.59,-0.4,0.0
2025-10-23,001300,15.11,15.59,15.93,15.11,7928889,123611380.7,5.45,3.66,0.55,0.0
2025-10-24,001300,15.59,15.21,15.73,15.2,5680517,86400663.8,3.4,-2.44,-0.38,0.0
2025-10-27,001300,15.2,14.76,15.26,14.76,6842200,100990873.6,3.29,-2.96,-0.45,0.0
2025-10-28,001300,14.47,14.81,14.89,14.47,4847800,71795920.0,2.85,0.34,0.05,0.0
2025-10-29,001300,14.81,14.9,15.11,14.52,5250924,78238765.6,3.98,0.61,0.09,0.0
2025-10-30,001300,14.9,14.95,15.09,14.76,4615700,69004714.1,2.21,0.34,0.05,0.0
2025-10-31,001300,14.95,14.78,15.04,14.74,3182500,47037349.2,2.01,-1.14,-0.17,0.0
2025-11-03,001300,14.78,15.09,15.4,14.72,7673000,115785571.2,4.6,2.1,0.31,0.0
2025-11-04,001300,15.12,15.21,15.26,14.92,4736126,72036476.6,2.25,0.8,0.12,0.0
2025-11-05,001300,15.2,15.42,15.45,15.06,3621100,55837362.3,2.56,1.38,0.21,0.0
2025-11-06,001300,15.39,15.8,16.96,15.28,20362700,321730663.9,10.89,2.46,0.38,0.0
2025-11-07,001300,15.2,16.53,16.88,15.2,22109327,365467190.5,10.63,4.62,0.73,0.0
2025-11-10,001300,16.15,16.92,17.29,16.04,14547600,246145393.1,7.56,2.36,0.39,0.0
2025-11-11,001300,16.83,16.75,17.25,16.54,9471100,158640925.0,4.2,-1.0,-0.17,0.0
2025-11-12,001300,16.85,17.13,17.65,16.74,10824600,185425388.9,5.43,2.27,0.38,0.0
2025-11-13,001300,17.01,16.79,17.13,16.45,8334200,139931225.6,3.97,-1.98,-0.34,0.0
2025-11-14,001300,16.71,16.4,16.89,16.4,4673900,76651958.2,2.92,-2.32,-0.39,0.0
2025-11-17,001300,16.41,16.05,16.41,15.91,5892100,94568200.5,3.05,-2.13,-0.35,0.0
2025-11-18,001300,16.03,16.62,16.87,16.03,8001700,132988260.7,5.23,3.55,0.57,0.0
2025-11-19,001300,16.61,16.24,16.76,16.1,4454200,72336207.0,3.97,-2.29,-0.38,0.0
2025-11-20,001300,16.24,16.06,16.48,15.99,3079400,49455162.4,3.02,-1.11,-0.18,0.0
2025-11-21,001300,16.0,15.26,16.31,15.19,5853000,89316781.3,6.97,-4.98,-0.8,0.0
2025-11-24,001300,15.36,15.09,15.62,14.97,3641800,54954762.6,4.26,-1.11,-0.17,0.0
2025-11-25,001300,15.24,15.38,15.48,15.04,3040600,46764428.3,2.92,1.92,0.29,0.0
2025-11-26,001300,15.54,15.34,15.88,15.21,5151500,79024010.8,4.36,-0.26,-0.04,0.0
2025-11-27,001300,15.6,14.88,15.6,14.85,5080900,75603792.6,4.89,-3.0,-0.46,0.0
2025-11-28,001300,14.88,15.68,15.75,14.75,6038700,94686817.8,6.72,5.38,0.8,0.0
2025-12-01,001300,15.79,15.38,15.8,15.32,4232500,65095850.5,3.06,-1.91,-0.3,0.0
2025-12-02,001300,15.3,15.13,15.46,15.1,2821700,42692321.3,2.34,-1.63,-0.25,0.0
2025-12-03,001300,15.14,15.03,15.28,14.92,2889100,43423172.2,2.38,-0.66,-0.1,0.0
2025-12-04,001300,15.18,15.44,15.59,14.78,5167100,79780021.8,5.39,2.73,0.41,0.0
2025-12-05,001300,15.43,15.4,15.43,14.96,3658300,56337818.6,3.04,-0.26,-0.04,0.0
2025-12-08,001300,15.47,16.08,16.47,15.38,7360700,118360055.4,7.08,4.42,0.68,0.0
2025-12-09,001300,15.92,15.94,16.48,15.83,5344544,85192029.1,4.04,-0.87,-0.14,0.0
2025-12-10,001300,16.26,15.83,16.41,15.61,4549400,72017001.7,5.02,-0.69,-0.11,0.0
2025-12-11,001300,15.83,15.37,15.95,15.34,3523200,54151583.6,3.85,-2.91,-0.46,0.0
2025-12-12,001300,15.42,15.21,15.56,15.13,2979199,45313616.9,2.8,-1.04,-0.16,0.0
2025-12-15,001300,15.34,15.17,15.34,14.86,2205800,33461986.2,3.16,-0.26,-0.04,0.0
2025-12-16,001300,15.17,14.8,15.24,14.54,3290400,48697920.6,4.61,-2.44,-0.37,0.0
2025-12-17,001300,14.8,15.03,15.09,14.36,3125466,46975753.1,4.93,1.55,0.23,0.0
2025-12-18,001300,14.9,15.22,15.34,14.84,2510600,38211332.7,3.33,1.26,0.19,0.0
2025-12-19,001300,15.22,15.22,15.28,14.94,1830166,27855127.0,2.23,0.0,0.0,0.0
2025-12-22,001300,15.26,15.3,15.54,15.1,2060100,31519530.4,2.89,0.53,0.08,0.0
2025-12-23,001300,15.3,15.38,15.45,14.89,3135500,48223990.4,3.66,0.52,0.08,0.0
2025-12-24,001300,15.35,15.38,15.57,15.14,2088300,32118054.2,2.8,0.0,0.0,0.0
2025-12-25,001300,15.22,16.92,16.92,15.4,7892764,133545567.5,9.88,10.01,1.54,0.0
