Date,Open,High,Low,Close,Volume,Dividends,Stock Splits
2022-10-19,13.3269616780124,15.992354393005371,13.3269616780124,15.992354393005371,2605996,0.0,0.0
2022-10-20,17.59358024597168,17.59358024597168,17.59358024597168,17.59358024597168,437023,0.0,0.0
2022-10-21,19.353931427001953,19.353931427001953,19.353931427001953,19.353931427001953,454161,0.0,0.0
2022-10-24,21.293302536010742,21.293302536010742,21.293302536010742,21.293302536010742,2012511,0.0,0.0
2022-10-25,21.293303300050887,23.42163848876953,21.263466134030086,23.42163848876953,43202845,0.0,0.0
2022-10-26,21.740850307418103,22.367415589467537,21.084447860717773,21.084447860717773,27843246,0.0,0.0
2022-10-27,18.976003646850586,19.47327837753006,18.976003646850586,18.976003646850586,12214300,0.0,0.0
2022-10-28,18.99589529074969,20.875593185424805,17.583634964917135,20.875593185424805,33652759,0.0,0.0
2022-10-31,19.88104390605318,20.388264369214284,18.787039097095064,18.806930541992188,24798159,0.0,0.0
2022-11-01,19.005840301513672,19.473277852855134,18.08090902385817,19.005840301513672,20610133,0.0,0.0
2022-11-02,18.598075638745215,19.393714447021484,18.409110710422393,18.647802352905273,17574154,0.0,0.0
2022-11-03,18.170418282552482,20.338536312582605,17.90188948500876,18.657747268676758,28576389,0.0,0.0
2022-11-04,18.230091683472864,18.84671318866105,17.911836157034795,18.269874572753906,20946674,0.0,0.0
2022-11-07,18.200253122079776,19.572732345880663,18.110743525007873,19.015785217285156,27570534,0.0,0.0
2022-11-08,19.115239682601917,19.47327809043743,18.498620087943564,18.697528839111328,22384375,0.0,0.0
2022-11-09,18.399163745693247,20.56728172302246,18.349437034891263,20.56728172302246,32761015,0.0,0.0
2022-11-10,20.10979019001604,20.54739250079108,19.532951556384106,19.74180793762207,28008504,0.0,0.0
2022-11-11,19.791532444440726,20.467826331883025,19.09534901091962,19.204748153686523,24107114,0.0,0.0
2022-11-14,18.806929802085214,21.124229926759757,18.54834671945362,20.249027252197266,37450888,0.0,0.0
2022-11-15,19.35393068423175,19.84126156636784,19.264422982175745,19.69207763671875,22276088,0.0,0.0
2022-11-16,19.542895725479006,21.58172317484553,19.40365941369048,20.348480224609375,28878256,0.0,0.0
2022-11-17,19.89098843689293,20.169462957912323,19.23458597023166,19.57273292541504,20180083,0.0,0.0
2022-11-18,19.44344109159218,19.66224318579946,18.448891636330124,18.578184127807617,18320696,0.0,0.0
2022-11-21,18.399165543125356,18.399165543125356,17.116195792013418,17.51401710510254,16316781,0.0,0.0
2022-11-22,17.334996368124308,18.08090841909728,17.32505064647704,17.603525161743164,11745457,0.0,0.0
2022-11-23,17.553796025927667,17.553796025927667,16.260882601880656,17.116193771362305,12882950,0.0,0.0
2022-11-24,16.92723221995212,17.56374326565336,16.73826729190236,16.957067489624023,10197087,0.0,0.0
2022-11-25,16.78799379130258,17.24548752226424,16.608976484702826,17.00679588317871,7639110,0.0,0.0
2022-11-28,16.638811554353246,16.8277764777192,16.45979235294892,16.539356231689453,5819968,0.0,0.0
2022-11-29,16.678594148084173,16.88744861473788,16.569193105387964,16.77804946899414,6221122,0.0,0.0
2022-11-30,16.708430758308197,16.708430758308197,16.46973910712695,16.479684829711914,6449376,0.0,0.0
2022-12-01,16.589083747903707,17.434451089388464,16.519465595714205,17.04657554626465,11543035,0.0,0.0
2022-12-02,16.89739388462497,17.205703663943293,16.807884287895067,17.136085510253906,8549152,0.0,0.0
2022-12-05,17.315105574050303,17.683089700986745,17.146032093612344,17.454341888427734,11494031,0.0,0.0
2022-12-06,17.434453638799518,18.299710652468953,17.205705809217257,17.673145294189453,14576198,0.0,0.0
2022-12-07,17.434452392408144,17.46428766160355,16.60897643184076,16.6785945892334,13471980,0.0,0.0
2022-12-08,16.509522321396084,17.046578072853173,16.420012713327793,16.827777862548828,7520841,0.0,0.0
2022-12-09,16.65870255484397,16.797938864695496,16.519466244992447,16.638811111450195,5337249,0.0,0.0
2022-12-12,16.62886517782103,16.63881089939116,16.121644759458917,16.17137336730957,6798060,0.0,0.0
2022-12-13,16.13159202633067,16.579140055096616,16.071919588146077,16.081865310668945,5887240,0.0,0.0
2022-12-14,15.982407581560695,16.250936358482626,15.833225560032618,16.1117000579834,3927647,0.0,0.0
2022-12-15,16.211153839136774,16.240991002894688,15.882953574085354,15.942626953125,4245795,0.0,0.0
2022-12-16,15.902844278729761,15.902844278729761,15.3558419327806,15.375733375549316,5813318,0.0,0.0
2022-12-19,15.38567909315623,15.574643057031667,14.967968279877695,15.11715030670166,3654256,0.0,0.0
2022-12-20,14.997804858990438,15.246442208706428,14.987859137367506,15.206660270690918,2358682,0.0,0.0
2022-12-21,15.306115673835214,15.306115673835214,14.60993033203483,14.759113311767578,4693441,0.0,0.0
2022-12-22,14.749167898987608,14.908295655254234,14.321511342663864,14.391130447387695,4231415,0.0,0.0
2022-12-23,14.23200239689056,14.629821779332662,14.102710860477819,14.500530242919922,3189814,0.0,0.0
2022-12-26,14.49058494660264,14.898350062694565,14.401075345806609,14.788949966430664,3034978,0.0,0.0
2022-12-27,14.868513324549355,15.246442209966029,14.52042160400394,15.07736873626709,5619553,0.0,0.0
2022-12-28,14.928187331716344,16.101755975189892,14.828732008261337,15.574644088745117,11468360,0.0,0.0
2022-12-29,15.256388998519581,15.952574385249395,15.15693367227924,15.604480743408203,8112105,0.0,0.0
2022-12-30,15.91279060609879,16.211154671182157,15.246442423590304,15.415515899658203,8113801,0.0,0.0
2023-01-03,15.127096886889344,15.564698219299316,14.898350024499672,15.564698219299316,8119105,0.0,0.0
2023-01-04,15.425461032117365,15.713880312895279,15.21660562545224,15.246441841125488,5194167,0.0,0.0
2023-01-05,15.365788092017567,15.624371164522108,15.206660339238224,15.405570030212402,3662374,0.0,0.0
2023-01-06,15.316060883246777,15.664153564060852,15.176824569702148,15.176824569702148,4187842,0.0,0.0
2023-01-09,15.166878983061133,15.42546206548861,15.156933261011709,15.316061019897461,3431900,0.0,0.0
2023-01-10,15.33595210794568,15.33595210794568,15.047532814542343,15.097260475158691,2771541,0.0,0.0
2023-01-11,15.127096252787199,15.196714406542359,14.779003587058988,14.80884075164795,2830164,0.0,0.0
2023-01-12,14.878459498243163,14.987859593999833,14.669604080179523,14.719331741333008,2071377,0.0,0.0
2023-01-13,14.76905962525977,14.82873206076304,14.5999861438734,14.669604301452637,1811063,0.0,0.0
2023-01-16,14.629822565906538,14.908296148588171,14.619876843691697,14.878459930419922,2588915,0.0,0.0
2023-01-17,14.878459930419922,15.097261076765056,14.71933216888756,14.878459930419922,2502511,0.0,0.0
2023-01-18,14.878460366041194,14.99780619068475,14.838678424493342,14.908296585083008,1738011,0.0,0.0
2023-01-19,14.918241427142545,15.166878784261588,14.629822130823506,14.977914810180664,3201635,0.0,0.0
2023-01-20,15.037587244742536,15.067423462023472,14.868513766023487,14.977914810180664,2499619,0.0,0.0
2023-01-30,14.997805073379999,15.33595202558366,14.997805073379999,15.286224365234375,3916450,0.0,0.0
2023-01-31,15.246443312363391,15.246443312363391,15.137043212020558,15.216607093811035,2141488,0.0,0.0
2023-02-01,15.226551782573754,15.415515751880166,15.19671461757046,15.405570030212402,3694384,0.0,0.0
2023-02-02,15.425461842736402,15.465243781883366,15.266334086148543,15.365788459777832,2911982,0.0,0.0
2023-02-03,15.405570250907012,15.47518935510248,15.087314740789116,15.355842590332031,2969867,0.0,0.0
2023-02-06,15.276278425099006,15.355842301130025,15.196714549067986,15.206660270690918,1774393,0.0,0.0
2023-02-07,15.226551782573754,15.435407195215696,15.087314524653719,15.405570030212402,2834876,0.0,0.0
2023-02-08,15.425462509970357,15.475190173174113,15.306116687367116,15.345898628234863,2059918,0.0,0.0
2023-02-09,15.316060872061213,15.445352412026981,15.216606497955716,15.435407638549805,2660059,0.0,0.0
2023-02-10,15.435408232306365,15.584590273441345,15.2862252426951,15.345898628234863,3037182,0.0,0.0
2023-02-13,15.345897163515483,15.664152660080935,15.296169505058081,15.634316444396973,4002717,0.0,0.0
2023-02-14,15.64426195479928,15.684044842221576,15.485134199015054,15.554753303527832,2731630,0.0,0.0
2023-02-15,15.574643951992748,15.604480169376773,15.395624750736108,15.435407638549805,2631896,0.0,0.0
2023-02-16,15.435407437059421,15.594535192331996,14.669603929214865,14.838677406311035,5122037,0.0,0.0
2023-02-17,14.888405643765575,15.564698629875236,14.858568477138826,15.00775146484375,4115366,0.0,0.0
2023-02-20,14.938132716250939,15.236496782922327,14.858567890198833,15.22655200958252,2624867,0.0,0.0
2023-02-21,15.216606509068649,15.246442726474463,14.997805368314767,15.176824569702148,2136026,0.0,0.0
2023-02-22,15.107206055610662,15.146987996533863,15.017697399890677,15.087315559387207,1378948,0.0,0.0
2023-02-23,15.127096028083576,15.216605623568434,15.007750216929166,15.11715030670166,1650676,0.0,0.0
2023-02-24,15.176824481127055,15.733771629007615,15.007751002687108,15.49507999420166,6320058,0.0,0.0
2023-02-27,15.505025970801048,16.18131989567012,15.375734429371594,16.161428451538086,17144412,0.0,0.0
2023-02-28,15.96251693777412,16.032136988457694,15.743716755054429,15.843172073364258,9197484,0.0,0.0
2023-03-01,15.84317207335263,15.853116846402639,15.614425220630672,15.71388053894043,5901068,0.0,0.0
2023-03-02,15.684045421644807,15.833227461084762,15.564698651921313,15.723827362060547,4499359,0.0,0.0
2023-03-03,15.664154144533017,15.713881807702982,15.355843391660262,15.475190162658691,5025011,0.0,0.0
2023-03-06,15.47518913526278,15.514971073462378,15.196714619389379,15.276278495788574,3254193,0.0,0.0
2023-03-07,15.296171226531792,15.365789387121456,14.838678424493342,14.908296585083008,4129500,0.0,0.0
2023-03-08,14.848623270661612,15.017696749380661,14.848623270661612,14.977914810180664,1949315,0.0,0.0
2023-03-09,15.027641522823474,15.027641522823474,14.878459487942548,14.977914810180664,1721474,0.0,0.0
2023-03-10,14.967969769290704,14.977915491662287,14.669604737477265,14.699440956115723,2362914,0.0,0.0
2023-03-13,14.709386689570085,14.71933241194916,14.381185438870904,14.570149421691895,2057300,0.0,0.0
2023-03-14,14.590039843107643,14.639767503038845,14.152437573884544,14.371238708496094,2146882,0.0,0.0
2023-03-15,14.42096688023509,14.580094638881484,14.42096688023509,14.470694541931152,1376813,0.0,0.0
2023-03-16,14.331457589043389,14.450803410611103,14.212111767475674,14.232003211975098,1500848,0.0,0.0
2023-03-17,14.321510758837965,14.381184139243448,14.261838326908688,14.351347923278809,1289693,0.0,0.0
2023-03-20,14.341402635987032,14.570148546101594,14.142492942740407,14.510476112365723,2467728,0.0,0.0
2023-03-21,14.450803587683904,14.719332400858887,14.450803587683904,14.699440956115723,2022852,0.0,0.0
2023-03-22,14.65965821123244,14.769059254368177,14.590040055401506,14.709385871887207,1740296,0.0,0.0
2023-03-23,14.669603866963023,14.669603866963023,14.500530390584332,14.510476112365723,1550130,0.0,0.0
2023-03-24,14.540312329233657,14.599985711445761,14.381184574636357,14.510476112365723,1521074,0.0,0.0
2023-03-27,14.44085751964893,14.44085751964893,14.261838326908688,14.351347923278809,1510163,0.0,0.0
2023-03-28,14.430913129866656,14.440858852264737,14.27178536540252,14.311567306518555,1082130,0.0,0.0
2023-03-29,14.311567093020242,14.341403311293101,14.172329826953103,14.232003211975098,1249375,0.0,0.0
2023-03-30,14.22205682663629,14.291674982185846,14.162383444396506,14.251893043518066,1111737,0.0,0.0
2023-03-31,14.281729911760305,14.371239514964216,14.271785137996975,14.36129379272461,1009563,0.0,0.0
2023-04-03,14.361293423699259,14.40107536315918,14.33145720622338,14.40107536315918,1098067,0.0,0.0
2023-04-04,14.371239231877581,14.371239231877581,14.142493315730148,14.212111473083496,1849100,0.0,0.0
2023-04-06,14.152438401481563,14.162384123744648,13.943583924814467,13.973420143127441,1753393,0.0,0.0
2023-04-07,13.95352781679224,14.102710795881881,13.95352781679224,14.043037414550781,702926,0.0,0.0
2023-04-10,14.062928637844719,14.172328728684887,13.923691382567608,13.963473320007324,1351363,0.0,0.0
2023-04-11,14.003255558108338,14.003255558108338,13.665108608372357,13.72478199005127,1597210,0.0,0.0
2023-04-12,13.72478278689296,13.903801045370798,13.665109401749493,13.844128608703613,1745246,0.0,0.0
2023-04-13,13.784455233265948,13.84412861845143,13.694946578202144,13.714837074279785,1035213,0.0,0.0
2023-04-14,13.72478199005127,13.794400144946481,13.665108608372357,13.72478199005127,889662,0.0,0.0
2023-04-17,13.724782353390662,13.814291954040527,13.67505469208782,13.814291954040527,932390,0.0,0.0
2023-04-18,13.784454345703125,13.873963943479804,13.73472763447272,13.784454345703125,943552,0.0,0.0
2023-04-19,13.764564446578824,13.814292108437453,13.675054844928544,13.6949462890625,867579,0.0,0.0
2023-04-20,13.694945706080324,13.694945706080324,13.317016819909622,13.396580696105957,1763868,0.0,0.0
2023-04-21,13.396580928087907,13.426417145059137,12.939088157798695,12.958978652954102,1764501,0.0,0.0
2023-04-24,12.939088951548417,13.108162438884277,12.610887699302642,13.078325271606445,1803120,0.0,0.0
2023-04-25,12.988815529878597,13.098215621993806,12.402031234446756,12.551213264465332,2037389,0.0,0.0
2023-04-26,12.551213768830594,12.859524511328196,12.461704167832057,12.779960632324219,1316424,0.0,0.0
2023-04-27,12.889360430945041,12.909250925998212,12.730232676614744,12.760068893432617,958900,0.0,0.0
2023-04-28,12.262794192971574,12.501485824584961,12.173284593997497,12.501485824584961,2003945,0.0,0.0
2023-05-04,12.431867085045297,12.581049110675366,12.352303211579104,12.461703300476074,1138363,0.0,0.0
2023-05-05,12.471649390446606,12.521377049952,12.28268542249757,12.292630195617676,1133957,0.0,0.0
2023-05-08,12.312521636189523,13.028597466876603,12.312521636189523,12.68050479888916,2360736,0.0,0.0
2023-05-09,12.61088709567204,12.660613808468957,12.43186789447914,12.451759338378906,1478732,0.0,0.0
2023-05-10,12.441813025671701,12.670558928800293,12.441813025671701,12.541267395019531,1102936,0.0,0.0
2023-05-11,12.551213262738564,12.919196425413146,12.541267541145036,12.809796333312988,1667959,0.0,0.0
2023-05-12,12.779961227174086,12.929143270131235,12.680505899551788,12.690451622009277,1380427,0.0,0.0
2023-05-15,12.68050531542215,12.710341532943911,12.481595617816662,12.65066909790039,915001,0.0,0.0
2023-05-16,12.680505172204928,12.680505172204928,12.461704033071964,12.511431694030762,917853,0.0,0.0
2023-05-17,12.511431757189193,12.730232897426676,12.511431757189193,12.710341453552246,1110068,0.0,0.0
2023-05-18,12.779960978119957,13.356799590744819,12.670559930172162,12.998761177062988,3088600,0.0,0.0
2023-05-19,12.998760670635383,13.028597836263941,12.740178541188236,12.899306297302246,1771771,0.0,0.0
2023-05-22,12.899305929841576,12.978869805632057,12.779960116155854,12.939087867736816,1206453,0.0,0.0
2023-05-23,12.968924084039193,13.108161340910643,12.849578270353472,12.939087867736816,1342201,0.0,0.0
2023-05-24,12.93908852671832,12.98881618873903,12.829687480577505,12.919197082519531,935974,0.0,0.0
2023-05-25,12.779960759746647,13.317017422616336,12.750123593465473,13.04848861694336,2389752,0.0,0.0
2023-05-26,12.978869877940946,12.98881559958922,12.81974212547344,12.879414558410645,1410124,0.0,0.0
2023-05-29,12.889360649165251,12.949034032287514,12.760069109463888,12.839632987976074,930863,0.0,0.0
2023-05-30,12.929142804618925,12.949034248817714,12.779960767033058,12.919197082519531,799826,0.0,0.0
2023-05-31,12.859524859276746,13.326962423953812,12.789905751907346,12.998761177062988,2319589,0.0,0.0
2023-06-01,13.008706451362817,13.4463087311323,12.939088294867046,13.227507591247559,3864530,0.0,0.0
2023-06-02,13.187726096549024,13.257344255391368,13.058434552644473,13.128052711486816,1796848,0.0,0.0
2023-06-05,13.128051905612411,13.187725287011528,13.038542307751845,13.1379976272583,1061248,0.0,0.0
2023-06-06,13.098215245618098,13.12805146106923,12.80979596698732,12.849577903747559,1435315,0.0,0.0
2023-06-07,12.889360434096869,12.919196650922038,12.620831637241656,12.630777359008789,1253272,0.0,0.0
2023-06-08,12.670559078175437,12.839632551383806,12.551213264465332,12.551213264465332,1083146,0.0,0.0
2023-06-09,12.561159503017164,12.610887164561978,12.421922240386932,12.521377563476562,980830,0.0,0.0
2023-06-12,12.511432167858585,13.27723570958803,12.501486445594917,12.998761177062988,3670047,0.0,0.0
2023-06-13,12.9191972959062,13.187726106167572,12.799851474171016,12.998761177062988,2300985,0.0,0.0
2023-06-14,13.008705650788514,13.028597093406727,12.839632182438452,12.849577903747559,1385700,0.0,0.0
2023-06-15,12.869468836762369,12.929142218175794,12.79985068217689,12.879414558410645,1064663,0.0,0.0
2023-06-16,12.86946964263916,12.919197305518221,12.829687702031167,12.86946964263916,935522,0.0,0.0
2023-06-19,12.859524293088146,12.889360510089222,12.690450815954991,12.700396537780762,1139300,0.0,0.0
2023-06-20,12.700396759420826,12.710341532943911,12.52137755733776,12.65066909790039,893063,0.0,0.0
2023-06-21,12.650669705270628,12.690451646701694,12.431868553161621,12.431868553161621,991126,0.0,0.0
2023-06-26,12.471649468922172,12.501485685422661,12.213066396648014,12.23295783996582,1002078,0.0,0.0
2023-06-27,12.232958416237333,12.421922394277123,12.232958416237333,12.402031898498535,740469,0.0,0.0
2023-06-28,12.39208536611765,12.521376899891713,12.232957616388402,12.411975860595703,881283,0.0,0.0
2023-06-29,12.411977096008359,12.590996306510347,12.33241321322443,12.56116008758545,924000,0.0,0.0
2023-06-30,12.571104925358451,12.680505019368224,12.53132298676615,12.630777359008789,923852,0.0,0.0
2023-07-03,12.6407229328645,12.750123025594164,12.590995273086937,12.620831489562988,912106,0.0,0.0
2023-07-04,12.640722860988555,12.690450520483365,12.571104706781554,12.68050479888916,776227,0.0,0.0
2023-07-05,12.750124059801617,12.919197547673745,12.640723958198128,12.690451622009277,1191189,0.0,0.0
2023-07-06,12.690451622009277,12.690451622009277,12.571105797948299,12.690451622009277,795937,0.0,0.0
2023-07-07,12.73023253076887,12.73023253076887,12.590995273086937,12.620831489562988,560300,0.0,0.0
2023-07-10,12.670560177094298,12.770015504716596,12.630778235740639,12.690451622009277,682800,0.0,0.0
2023-07-11,12.730232897426676,12.730232897426676,12.630777575007025,12.710341453552246,591400,0.0,0.0
2023-07-12,12.670559149340551,12.73023253076887,12.581049551436182,12.620831489562988,800155,0.0,0.0
2023-07-13,12.66061379234242,12.879414932579904,12.571105140336233,12.710341453552246,1381506,0.0,0.0
2023-07-14,12.700397121235225,12.770015280261395,12.600941795361027,12.740179061889648,1118463,0.0,0.0
2023-07-17,12.670559077294955,12.750122953096163,12.501485604098336,12.68050479888916,1039337,0.0,0.0
2023-07-18,12.680504651552077,12.849578122784202,12.610886498153981,12.799850463867188,1500278,0.0,0.0
2023-07-19,12.789905548095703,12.859524654355697,12.720287390311972,12.789905548095703,678698,0.0,0.0
2023-07-20,12.809796999909329,12.849578939877397,12.640723517925974,12.660614013671875,877500,0.0,0.0
2023-07-21,12.640628881554948,12.880451821072034,12.630637013507961,12.680599212646484,1106263,0.06,0.0
2023-07-24,12.750547578642378,12.790517908391783,12.550695929895346,12.570680618286133,904520,0.0,0.0
2023-07-25,12.61065133063721,12.980377130278494,12.61065133063721,12.940406799316406,2873337,0.0,0.0
2023-07-26,12.950399485387749,12.950399485387749,12.790518163204963,12.860466003417969,1091500,0.0,0.0
2023-07-27,12.850472978584458,12.930413638407082,12.720569168130739,12.740554809570312,1145448,0.0,0.0
2023-07-28,12.740555164927637,12.830488647978454,12.68059919190447,12.810503005981445,816532,0.0,0.0
2023-07-31,12.840481668349772,12.940407020982764,12.820496026042449,12.930414199829102,1290000,0.0,0.0
2023-08-01,12.920421907791557,12.920421907791557,12.780525275133197,12.82049560546875,976474,0.0,0.0
2023-08-02,12.830489158630371,12.870459491247342,12.760541314792647,12.830489158630371,609626,0.0,0.0
2023-08-03,12.790518604967948,12.840481758117676,12.72056980937118,12.840481758117676,748098,0.0,0.0
2023-08-04,12.870459268820358,13.000363085822494,12.81050329444711,12.840481758117676,1453563,0.0,0.0
2023-08-07,12.830489184807575,12.830489184807575,12.66061503259689,12.70058536529541,963163,0.0,0.0
2023-08-08,12.720569253758255,12.730562074545306,12.620643904791255,12.65062141418457,699026,0.0,0.0
2023-08-09,12.620643854457665,12.630636675204865,12.45076971362663,12.48074722290039,1173100,0.0,0.0
2023-08-10,12.480747994645906,12.680599657108504,12.460763304883596,12.660614967346191,1129302,0.0,0.0
2023-08-11,12.630637102307606,12.77053278562759,12.540703618477405,12.590666770935059,961097,0.0,0.0
2023-08-14,12.570680994973399,12.570680994973399,12.390814029227345,12.510725975036621,768963,0.0,0.0
2023-08-15,12.530711123513953,12.980377601400017,12.430784815997987,12.790518760681152,3019567,0.0,0.0
2023-08-16,12.75054769816842,12.970384037367024,12.75054769816842,12.780525207519531,2489453,0.0,0.0
2023-08-17,12.700585339383242,12.850473848454907,12.620644674149299,12.830489158630371,1635474,0.0,0.0
2023-08-18,12.760540484085057,13.110280633473593,12.760540484085057,13.040332794189453,4378374,0.0,0.0
2023-08-21,13.140258806933225,13.71982909792848,12.920422457223223,13.44003677368164,8785477,0.0,0.0
2023-08-22,13.21020747432438,13.230192163663828,12.650621878301699,12.930414199829102,5755405,0.0,0.0
2023-08-23,12.810503299585958,13.02034778052468,12.400807158936043,12.410799980163574,3443579,0.0,0.0
2023-08-24,12.410800106054944,12.510726413408104,11.59140781644345,11.761281967163086,3694403,0.0,0.0
2023-08-25,11.621385337214862,11.861207331502232,11.291629856827756,11.331600189208984,2412582,0.0,0.0
2023-08-28,11.78126661562402,11.981118276663059,11.541444622377174,11.591407775878906,3165467,0.0,0.0
2023-08-29,11.64136924273865,12.220939499709546,11.551436715664819,12.140998840332031,3567401,0.0,0.0
2023-08-30,12.140999596695211,12.250918724912937,11.981118267979852,12.021088600158691,1830500,0.0,0.0
2023-08-31,12.07105128938031,12.390813934513188,11.941147476553118,12.170977592468262,2267500,0.0,0.0
2023-09-01,12.150991679433453,12.850472926531976,12.071051019934641,12.570680618286133,3902574,0.0,0.0
2023-09-04,12.570680753823833,12.65062141418457,12.390813791528256,12.65062141418457,2441863,0.0,0.0
2023-09-05,12.570680635051955,12.64062847396475,12.410799315841093,12.440776824951172,1461000,0.0,0.0
2023-09-06,12.520718312510336,12.520718312510336,12.330859471634659,12.36083698272705,1084500,0.0,0.0
2023-09-07,12.410799644727126,12.410799644727126,12.170977659555552,12.21094799041748,1034063,0.0,0.0
2023-09-08,12.240925277782022,12.32086593805256,12.140998975959931,12.220939636230469,845600,0.0,0.0
2023-09-11,12.240925854809175,12.32086651884805,12.101029216257205,12.280896186828613,937920,0.0,0.0
2023-09-12,12.29088841093308,12.40080658040428,12.250918080855568,12.35084342956543,886400,0.0,0.0
2023-09-13,12.340852252347005,12.410800095654865,12.121014948135011,12.190962791442871,915500,0.0,0.0
2023-09-14,12.190962842384783,12.190962842384783,11.791259517572652,11.93115520477295,1862100,0.0,0.0
2023-09-15,11.931154782604649,11.961133245630732,11.771273458336987,11.821236610412598,1027200,0.0,0.0
2023-09-18,11.841221928026263,12.111021417094511,11.741295626612636,12.051066398620605,1445670,0.0,0.0
2023-09-19,12.041074427014346,12.140999782506805,11.801252430270958,11.841222763061523,1207900,0.0,0.0
2023-09-20,11.831229073718387,11.921162554141882,11.731302772588318,11.751288414001465,671489,0.0,0.0
2023-09-21,11.781266523815091,11.89118469828802,11.5014742005408,11.681340217590332,1099383,0.0,0.0
2023-09-22,11.671348021163762,11.921162826733411,11.591407359618902,11.91117000579834,768986,0.0,0.0
2023-09-25,11.911169889309933,11.921162710147277,11.661355086183413,11.701325416564941,843883,0.0,0.0
2023-09-26,11.65136235185751,11.76128147594875,11.57142169050089,11.6113920211792,686163,0.0,0.0
2023-09-27,11.59140790646116,11.741296415687026,11.541444752396572,11.671348571777344,826149,0.0,0.0
2023-09-28,11.691332796203156,11.821236610412598,11.681339975194462,11.821236610412598,647194,0.0,0.0
2023-10-09,11.81124399163106,11.81124399163106,11.46150382704941,11.511466979980469,1471200,0.0,0.0
2023-10-10,11.511466757774421,11.591407419733866,11.471495473826838,11.521458625793457,626900,0.0,0.0
2023-10-11,11.541444556692634,11.601399578179185,11.441518250257868,11.551437377929688,608774,0.0,0.0
2023-10-12,11.591407128756343,11.591407128756343,11.40154734664279,11.491480827331543,910602,0.0,0.0
2023-10-13,11.401547529733216,11.451510681247944,10.712059088327102,10.752029418945312,3900600,0.0,0.0
2023-10-16,10.752029684323205,11.031822005556425,10.72205122089374,10.911911010742188,2065299,0.0,0.0
2023-10-17,10.941888564373873,11.18171055494854,10.811984747903958,11.081785202026367,1677370,0.0,0.0
2023-10-18,11.111762784735394,11.111762784735394,10.642110668752137,10.692073822021484,1477770,0.0,0.0
2023-10-19,10.692074043989077,10.911911351157304,10.582155866888916,10.68208122253418,1085500,0.0,0.0
2023-10-20,10.692073533525164,10.841962989288852,10.612132871638341,10.66209602355957,713315,0.0,0.0
2023-10-23,10.602140426635742,10.742037066382656,10.442259097192352,10.602140426635742,2016767,0.0,0.0
2023-10-24,10.841963299555408,11.021829317464091,10.49222217906605,10.991851806640625,2155122,0.0,0.0
2023-10-25,11.081785358239166,11.10177004791816,10.901918386288758,11.031822204589844,1137500,0.0,0.0
2023-10-26,11.01183749027999,11.19170350886019,10.811984876129719,11.161725997924805,1662100,0.0,0.0
2023-10-27,11.161725937316492,12.280896186828613,11.161725937316492,12.280896186828613,4777908,0.0,0.0
2023-10-30,12.570681197784053,12.580674018924023,11.701325770932035,11.771273612976074,8982520,0.0,0.0
2023-10-31,11.741296228082271,12.950399962880097,11.61139241077713,12.280896186828613,12813856,0.0,0.0
2023-11-01,12.111021515439475,12.770532441814877,11.921162684773284,12.390813827514648,11020174,0.0,0.0
2023-11-02,12.210947632013228,12.49073993983453,12.011095983569442,12.140998840332031,7310526,0.0,0.0
2023-11-03,12.071051687360143,12.19096268323841,11.821236874371783,11.981118202209473,5232362,0.0,0.0
2023-11-06,11.911169682863635,12.260910782366134,11.871199353174877,12.140998840332031,4515200,0.0,0.0
2023-11-07,12.140999350812347,12.230932834635352,11.991110846419256,12.160984992980957,3451974,0.0,0.0
2023-11-08,12.101029240128824,12.24092587895677,12.02108857593225,12.150992393493652,2607026,0.0,0.0
2023-11-09,12.101029264516372,12.160985239268575,11.981118267979852,12.021088600158691,2331500,0.0,0.0
2023-11-10,12.081044635652567,13.220199584960938,11.92116330613335,13.220199584960938,12109835,0.0,0.0
2023-11-13,14.53922176361084,14.53922176361084,13.929673032780796,14.53922176361084,13408249,0.0,0.0
2023-11-14,15.748325530174032,15.998140335083008,15.448547573689693,15.998140335083008,15578430,0.0,0.0
2023-11-15,16.188000842957358,17.596956253051758,16.078081713992216,17.596956253051758,25145641,0.0,0.0
2023-11-16,19.35565185546875,19.35565185546875,17.6069482272034,19.35565185546875,36921706,0.0,0.0
2023-11-17,21.294214248657227,21.294214248657227,21.294214248657227,21.294214248657227,10221271,0.0,0.0
2023-11-20,20.244991491444583,23.422636032104492,19.165791638572884,23.422636032104492,49194885,0.0,0.0
2023-11-21,23.762385799643727,25.76090431213379,23.752392978368984,25.76090431213379,32376626,0.0,0.0
2023-11-22,26.979999876251007,28.338993072509766,23.182815470856657,28.338993072509766,37287138,0.0,0.0
2023-11-23,31.07696330971465,31.106939867660312,25.501096725463867,25.501096725463867,46225531,0.0,0.0
2023-11-24,23.152836464830038,24.831592278318194,22.952983856201172,22.952983856201172,36684910,0.0,0.0
2023-11-27,21.893769914614655,22.373413894990303,20.70465087890625,20.70465087890625,31857518,0.0,0.0
2023-11-28,20.974451332593457,21.18429676521765,20.244992540863528,20.70465087890625,20902234,0.0,0.0
2023-11-29,20.544769549659815,21.154318299190887,20.135073411562598,21.13433265686035,22048155,0.0,0.0
2023-11-30,20.734628419357573,22.48333202099014,20.64469493879876,22.123598098754883,30811470,0.0,0.0
2023-12-01,21.783850428271116,23.56253254190104,21.384147117886783,21.923748016357422,37082600,0.0,0.0
2023-12-04,21.034406667072705,22.972970165728892,21.014422930377776,22.92300796508789,30018655,0.0,0.0
2023-12-05,22.663200485380703,24.70168839941222,22.38340720442368,23.60250473022461,36735905,0.0,0.0
2023-12-06,22.783109928453765,24.881554715375078,21.98370329816743,24.661718368530273,41905197,0.0,0.0
2023-12-07,24.01219967112848,24.6417321392394,22.193546295166016,22.193546295166016,33522358,0.0,0.0
2023-12-08,20.674673316502755,21.603984674523605,19.975191116333008,19.975191116333008,29124694,0.0,0.0
2023-12-11,19.57548813148501,20.464828220989315,19.35565179080296,20.304946899414062,18731671,0.0,0.0
2023-12-12,20.78459162788409,21.683926477211187,20.574748100331608,21.04439926147461,23514853,0.0,0.0
2023-12-13,21.044398258882183,21.284220238631946,20.04513905695701,20.314939498901367,19916726,0.0,0.0
2023-12-14,20.28496094932988,20.414865712344564,19.215753912825228,19.285701751708984,16957788,0.0,0.0
2023-12-15,19.18577854292154,19.775341658444468,18.925970906764334,19.575489044189453,13863663,0.0,0.0
2023-12-18,19.405615263477213,21.28422186832636,19.405615263477213,20.244993209838867,22504733,0.0,0.0
2023-12-19,20.404873503561536,20.604726111453203,18.746103338242172,19.345659255981445,17125622,0.0,0.0
2023-12-20,19.16579193666315,19.935221985141904,19.0358871721482,19.275711059570312,12547104,0.0,0.0
2023-12-21,19.245733614622058,21.204280853271484,18.866014027742164,21.204280853271484,31226746,0.0,0.0
2023-12-22,21.284221113912004,22.863050641643227,20.8845177978919,22.253503799438477,43201921,0.0,0.0
2023-12-25,21.69391664061542,22.253503173232748,20.0251555814318,22.02367401123047,29835169,0.0,0.0
2023-12-26,22.17356329097999,24.222043991088867,22.17356329097999,24.222043991088867,43363273,0.0,0.0
2023-12-27,24.361938697600007,24.361938697600007,21.803835654038785,22.8030948638916,38473527,0.0,0.0
2023-12-28,20.984444337552034,21.484073964636607,20.5247859954834,20.5247859954834,24623711,0.0,0.0
2023-12-29,19.745363137986924,20.77460085836231,19.725377495431495,20.264978408813477,18472140,0.0,0.0
2024-01-02,20.304946694003547,20.86453131385602,19.995176874827173,20.74462127685547,17039146,0.0,0.0
2024-01-03,20.44484376433487,20.44484376433487,19.32567444843868,19.56549644470215,16441834,0.0,0.0
2024-01-04,19.66542131666458,20.75461399468665,19.145806076410157,20.40487289428711,19155116,0.0,0.0
2024-01-05,20.7446228268937,20.944473538806022,19.495548730182392,19.645437240600586,16137348,0.0,0.0
2024-01-08,19.645436443795038,20.63470285955412,19.415607276746467,20.025156021118164,15357361,0.0,0.0
2024-01-09,20.085110308390863,20.574747087854195,18.036627804094753,18.336406707763672,22047948,0.0,0.0
2024-01-10,17.986666903888086,18.186519520750053,17.007393274323217,17.247215270996094,17661930,0.0,0.0
2024-01-11,17.307170532897747,17.956688687772985,17.257208330959585,17.83677864074707,11854123,0.0,0.0
2024-01-12,17.986666208118653,18.03662840743358,16.787554365203118,16.847511291503906,12526948,0.0,0.0
2024-01-15,16.847511291503906,16.847511291503906,16.847511291503906,16.847511291503906,0,0.0,0.0
2024-01-16,16.987406751064107,17.067347412478746,16.42782212116164,16.85750389099121,7216434,0.0,0.0
2024-01-17,16.687630882227456,17.437075348687927,16.687630882227456,16.977415084838867,10156074,0.0,0.0
2024-01-18,17.127301811349554,17.64691704468131,16.54773156061356,17.057353973388672,10730278,0.0,0.0
2024-01-19,16.757576872790143,18.01664366580538,16.687629035278565,16.717605590820312,15601257,0.0,0.0
2024-01-22,16.317903000545304,16.717606307705566,15.48851792346187,15.868236541748047,11256715,0.0,0.0
2024-01-23,15.828266587141055,16.09806704061108,15.538481444322068,15.808280944824219,6855600,0.0,0.0
2024-01-24,15.818274376864487,16.327896840010265,15.57845237760809,16.038110733032227,6755774,0.0,0.0
2024-01-25,15.928191979898251,16.417829735246062,15.708355631667187,16.4078369140625,7293674,0.0,0.0
2024-01-26,16.407836735949804,16.587703703429863,16.09806690636511,16.158021926879883,5226600,0.0,0.0
2024-01-29,16.148029476412514,16.158022297716943,15.328637188807312,15.368607521057129,4858337,0.0,0.0
2024-01-30,15.268680474085878,15.448547436978327,14.878969991776033,14.928932189941406,3852589,0.0,0.0
2024-01-31,14.878970200587991,15.128785006792148,14.019606657346264,14.059576988220215,5510371,0.0,0.0
2024-02-01,13.999622235064729,14.069570077184578,13.489999791988431,13.789777755737305,5185896,0.0,0.0
2024-02-02,13.989629744403793,14.049585719757113,12.730562838695155,13.260170936584473,4322300,0.0,0.0
2024-02-05,13.100288621058306,13.110281442420584,11.93115520477295,11.93115520477295,4068463,0.0,0.0
2024-02-06,11.47149509847896,11.82123619783388,10.742036343724983,11.021828651428223,8856100,0.0,0.0
2024-02-07,10.941888550287453,11.001844524337873,9.92264461517334,9.92264461517334,9551274,0.0,0.0
2024-02-08,9.542925544952643,10.122495804372626,8.93337682341354,10.072532653808594,16602686,0.0,0.0
2024-02-19,10.012578177649157,10.692073822021484,9.962615024379808,10.692073822021484,13552640,0.0,0.0
2024-02-20,10.772014669828058,11.571422276871292,10.41228167549416,11.241666793823242,12295740,0.0,0.0
2024-02-21,11.471495349418815,12.370829216161114,11.311614027233833,11.871199607849121,20518937,0.0,0.0
2024-02-22,11.65136261386077,13.060317993164062,11.65136261386077,13.060317993164062,21537046,0.0,0.0
2024-02-23,13.060317991977273,13.749807402829767,12.890443844547985,13.489999771118164,23616926,0.0,0.0
2024-02-26,13.260170910344465,13.689851746482704,12.990370451240269,13.390073776245117,17889574,0.0,0.0
2024-02-27,13.360096080816941,14.059577366410437,13.190221931791221,13.999622344970703,16430779,0.0,0.0
2024-02-28,14.089555378285656,14.289407031622561,12.600658416748047,12.600658416748047,18534516,0.0,0.0
2024-02-29,12.071051305087419,13.170236828613744,11.891184340482203,13.030340194702148,11465463,0.0,0.0
2024-03-01,13.020347316559759,13.450029084353526,12.890443504134485,13.420051574707031,10325005,0.0,0.0
2024-03-04,13.420051403255314,13.619903053291763,12.82049550017813,13.5999174118042,11045263,0.0,0.0
2024-03-05,13.499992570418426,13.589926054555281,13.040333281582848,13.190221786499023,8567500,0.0,0.0
2024-03-06,13.070310514441779,13.749807088631696,12.940406701554423,13.589925765991211,9867859,0.0,0.0
2024-03-07,13.709837092466655,14.629155673047,13.529970123623755,13.789777755737305,17495700,0.0,0.0
2024-03-08,13.789777142200483,13.889702490358964,13.240184391941423,13.43004322052002,9737646,0.0,0.0
2024-03-11,13.380081553480755,13.450029395262094,13.100288280419656,13.320125579833984,6735363,0.0,0.0
2024-03-12,13.320125640286845,14.649140357971191,13.320125640286845,14.649140357971191,9568081,0.0,0.0
2024-03-13,15.198732628332612,16.118050225172006,14.649139872017964,15.488517761230469,34256220,0.0,0.0
2024-03-14,14.878970029868274,15.068828861099155,14.489258593592867,14.6691255569458,16618080,0.0,0.0
2024-03-15,14.509244933706798,15.198733404802764,14.439296137386995,14.809021949768066,13131236,0.0,0.0
2024-03-18,14.6791174350872,15.10879920207837,14.659132746349483,15.098806381225586,13593325,0.0,0.0
2024-03-19,14.998881743105954,15.038852075445318,14.799030081409146,14.809021949768066,9807558,0.0,0.0
2024-03-20,14.918940765355089,15.398584743362163,14.83900010235391,15.338629722595215,16175277,0.0,0.0
2024-03-21,15.18874028699674,15.38859194479251,14.90894796608266,15.208725929260254,11590132,0.0,0.0
2024-03-22,15.088814890521084,15.108799579758365,14.689110623128867,15.038851737976074,9455685,0.0,0.0
2024-03-25,14.888961853802153,16.42782195267031,14.239443748228013,15.488517761230469,21238966,0.0,0.0
2024-03-26,15.31864459668309,16.98740766077292,15.198733598139665,16.38785171508789,27070348,0.0,0.0
2024-03-27,15.978154957204676,16.377858270474487,15.038851694536683,15.298659324645996,18148159,0.0,0.0
2024-03-28,15.188740391045545,16.29791781413628,14.689110766649522,15.848251342773438,17529444,0.0,0.0
2024-03-29,15.858243838760028,16.587703570962095,15.488518038645283,16.507762908935547,14356400,0.0,0.0
2024-04-01,16.39784457460967,16.567718727849197,16.178008219920322,16.55772590637207,16431059,0.0,0.0
2024-04-02,16.487777605068786,16.487777605068786,15.80828101094047,15.848251342773438,11704056,0.0,0.0
2024-04-03,15.918199456944482,16.387850597639876,15.388591391613838,15.44854736328125,10834300,0.0,0.0
2024-04-08,15.208725374971218,15.228710063538507,13.89969539642334,13.89969539642334,11737770,0.0,0.0
2024-04-09,13.41005939365331,14.159503841347936,13.390073750956862,13.519977569580078,9653484,0.0,0.0
2024-04-10,13.480006532489302,13.489999353315152,12.630636774616834,12.82049560546875,12429393,0.0,0.0
2024-04-11,12.690592058053038,13.120273832838823,12.59066670661607,12.980377197265625,7346590,0.0,0.0
2024-04-12,12.880452023608544,13.090296503380745,12.72056974376049,12.800511360168457,5255788,0.0,0.0
2024-04-15,12.840482035793537,12.870459547144485,11.541444790648338,11.841222763061523,9397066,0.0,0.0
2024-04-16,11.881192546785417,11.891184414795376,10.66209602355957,10.66209602355957,4817700,0.0,0.0
2024-04-17,10.392295308032796,11.661354950583252,10.392295308032796,11.621384620666504,10229807,0.0,0.0
2024-04-18,11.721310393943408,11.981118024305799,11.241666417552416,11.731303215026855,8687050,0.0,0.0
2024-04-19,11.621384882245994,11.731303053749182,11.301622235714646,11.351584434509277,5253974,0.0,0.0
2024-04-22,11.321606652990845,11.411540133411906,10.841962694702291,11.191702842712402,3985363,0.0,0.0
2024-04-23,11.231673681786395,11.691332972470004,11.231673681786395,11.641369819641113,4793414,0.0,0.0
2024-04-24,11.641369292164823,11.781265923153352,11.471495152024406,11.751288414001465,3914200,0.0,0.0
2024-04-25,11.64136949248232,12.310873243857822,11.64136949248232,11.871199607849121,5759300,0.0,0.0
2024-04-26,11.851214296969244,12.180969771424262,11.781266454802385,12.071051597595215,5119178,0.0,0.0
2024-04-29,12.430784216971565,13.140258297836017,12.230932564538167,12.99036979675293,8469452,0.0,0.0
2024-04-30,13.010355389288513,13.290147701637386,12.660614284126536,12.82049560546875,6489145,0.0,0.0
2024-05-06,13.060317448431555,13.330117890049914,12.990369609331019,13.300140380859375,5756320,0.0,0.0
2024-05-07,13.41005877309814,13.480006613363052,13.210207120221357,13.29014778137207,4986927,0.0,0.0
2024-05-08,13.190221913963214,14.209466806739913,13.130266892604515,13.699844360351562,16068589,0.0,0.0
2024-05-09,13.270162672660849,13.559947819214772,13.120274165224226,13.180229187011719,11787909,0.0,0.0
2024-05-10,13.190221991840836,13.200214813115581,12.820496181386321,12.880452156066895,7016900,0.0,0.0
2024-05-13,12.750547803177787,12.760540624033068,12.490740178747552,12.560688018798828,4946211,0.0,0.0
2024-05-14,12.560688651998118,13.819755554199219,12.560688651998118,13.819755554199219,9654655,0.0,0.0
2024-05-15,14.709096148076581,14.88896216164975,13.829747910385104,13.969643592834473,24537123,0.0,0.0
2024-05-16,14.129525473833523,14.359354633104575,13.879710673077422,14.159502983093262,15805115,0.0,0.0
2024-05-17,14.179487689210877,14.56919912194255,13.869717869550795,14.0295991897583,12561154,0.0,0.0
2024-05-20,13.889702889473801,14.269421510509884,13.669866545427539,14.229451179504395,11500138,0.0,0.0
2024-05-21,14.019606449323327,14.669125507597283,13.939665788761584,14.499251365661621,16009051,0.0,0.0
2024-05-22,14.429302991817233,14.839000080299197,14.099547519185505,14.179488182067871,11578890,0.0,0.0
2024-05-23,14.009614467802814,14.13951732543571,13.69984369591371,13.72982120513916,8245000,0.0,0.0
2024-05-24,13.789778054217864,13.849733076484643,13.350103443744633,13.390073776245117,6043500,0.0,0.0
2024-05-27,13.98962882529267,14.689110075963736,13.639887723473219,14.289406776428223,17333202,0.0,0.0
2024-05-28,13.789777249388454,13.95965139084292,13.170236655305985,13.210206985473633,13779475,0.0,0.0
2024-05-29,13.170237030687186,13.779784821359257,13.030340394629128,13.150251388549805,7208355,0.0,0.0
2024-05-30,13.01035613189069,13.110281486949168,12.770533183220966,12.830489158630371,6173400,0.0,0.0
2024-05-31,12.980377526106926,13.260170804341525,12.870459350851261,13.180229187011719,5644200,0.0,0.0
2024-06-03,13.170236799715957,13.180228667641547,12.530710557053418,12.730562210083008,5358800,0.0,0.0
2024-06-04,12.720569881911256,12.74055552447227,12.250918717342099,12.450770378112793,4944282,0.0,0.0
2024-06-05,12.390814478623504,12.390814478623504,12.011096797337828,12.06105899810791,4750574,0.0,0.0
2024-06-06,11.73130291400821,12.140999038238245,11.051807298223114,11.27164363861084,8011692,0.0,0.0
2024-06-07,11.50147424176991,11.871200051378258,11.50147424176991,11.851214408874512,6238338,0.0,0.0
2024-06-11,11.98111822624521,11.991111047497082,11.421533577690695,11.851214408874512,4613100,0.0,0.0
2024-06-12,11.951140278517457,12.350843584300174,11.951140278517457,12.300881385803223,5070700,0.0,0.0
2024-06-13,12.29088923019615,12.460763382590692,12.16098541054339,12.270903587341309,4634900,0.0,0.0
2024-06-14,12.340851696533285,12.450769867204784,12.001103410680479,12.430784225463867,4328700,0.0,0.0
2024-06-17,12.320866543153342,12.4407775394482,12.111022061395367,12.150992393493652,3764800,0.0,0.0
2024-06-18,12.140999350812347,12.2709031660047,12.111021840527304,12.160984992980957,2569300,0.0,0.0
2024-06-19,12.37082956154556,12.37082956154556,12.021088444775511,12.071051597595215,2453100,0.0,0.0
2024-06-20,12.021088515193055,12.111022000201762,11.631378017445835,11.681340217590332,3165200,0.0,0.0
2024-06-21,11.78126609631313,11.78126609631313,11.461503452745607,11.57142162322998,1959900,0.0,0.0
2024-06-24,11.54144389013064,11.54144389013064,10.98185832175633,11.021828651428223,3309155,0.0,0.0
2024-06-25,11.091777847260204,11.581414641825017,11.071792205212075,11.261651992797852,4042900,0.0,0.0
2024-06-26,11.261651651415773,11.63137744138765,11.101769378780947,11.621384620666504,3602174,0.0,0.0
2024-06-27,11.611392041012596,11.781266184927535,11.47149540691563,11.481488227844238,3209312,0.0,0.0
2024-06-28,11.481488024108543,11.631377476474375,11.321606703959262,11.361577033996582,3063963,0.0,0.0
2024-07-01,11.301622434130682,11.48148844947844,11.141740155090192,11.471495628356934,2892763,0.0,0.0
2024-07-02,11.431525188194877,11.941147624933858,11.381562988997924,11.691332817077637,4731100,0.0,0.0
2024-07-03,11.581414937582926,11.641369959322676,11.28163696998051,11.291629791259766,3806941,0.0,0.0
2024-07-04,11.30162268839693,11.391555221610194,10.841963389112706,10.901918411254883,3050741,0.0,0.0
2024-07-05,10.851954796990196,11.121755244084731,10.692073474105072,11.051807403564453,2332841,0.0,0.0
2024-07-08,10.791999948935235,10.971865963556112,10.292370330493492,10.442258834838867,4185255,0.0,0.0
2024-07-09,10.482229210423936,10.662096178771607,10.24240722127229,10.612133026123047,3703700,0.0,0.0
2024-07-10,10.582155403326935,10.642110423494122,10.402288436889648,10.402288436889648,2137100,0.0,0.0
2024-07-11,10.592147993301198,11.001844116389247,10.582155172502016,10.9718656539917,3503400,0.0,0.0
2024-07-12,11.011837005615234,11.211688658001531,10.88193319332218,11.011837005615234,2577900,0.0,0.0
2024-07-15,11.27164369687053,11.281636517749215,10.791999730307799,10.881933212280273,2872441,0.0,0.0
2024-07-16,10.782006621794956,10.921903251460956,10.702065962833764,10.851954460144043,2141500,0.0,0.0
2024-07-17,10.851955082944865,10.891925414719385,10.642110602886666,10.652103424072266,1875100,0.0,0.0
2024-07-18,10.64211011001048,10.64211011001048,10.332340291346528,10.502214431762695,1788526,0.0,0.0
2024-07-19,10.50221485267051,10.662096178771607,10.352325394724826,10.612133026123047,1731800,0.0,0.0
2024-07-22,10.592148662211192,10.83197065872963,10.492222353844559,10.81198501586914,2154063,0.0,0.0
2024-07-23,10.841963306442906,10.911911149398058,10.562170028686523,10.562170028686523,1840100,0.0,0.0
2024-07-24,10.622126054120749,10.762022693667744,10.272384931737202,10.302363395690918,2416500,0.0,0.0
2024-07-25,10.322347621929211,10.552177737083174,10.132488790252328,10.452251434326172,2443163,0.0,0.0
2024-07-26,10.452251700021948,10.662096178771607,10.3922957262501,10.612133026123047,1918100,0.0,0.0
2024-07-29,10.622125913483346,10.742036908806906,10.432266122828468,10.652103424072266,1794563,0.0,0.0
2024-07-30,10.652103335471407,10.851954992681701,10.542185162247712,10.742036819458008,2126974,0.0,0.0
2024-07-31,11.311613987746375,11.491480951060511,10.881933174116162,11.141739845275879,10544893,0.0,0.0
2024-08-01,11.141740134104055,11.22168079698979,10.961874119095086,11.17171859741211,8252600,0.0,0.0
2024-08-02,11.101770023086145,11.671348448665798,10.971866205075624,11.161725997924805,9447800,0.0,0.0
2024-08-05,11.341592258786442,11.651362075966375,10.861947349036326,10.891924858093262,10472300,0.0,0.0
2024-08-06,10.941888126672513,11.221680437817271,10.801992447584055,11.10176944732666,8381500,0.0,0.0
2024-08-07,11.141739657159325,11.141739657159325,10.861947349036326,10.891924858093262,5692300,0.0,0.0
2024-08-08,10.81198479413114,10.941888611156465,10.652103466397781,10.821977615356445,3987000,0.0,0.0
2024-08-09,10.971866171083077,10.971866171083077,10.562170028686523,10.562170028686523,3698741,0.0,0.0
2024-08-12,10.58215569584864,10.6820810498788,10.302363370409143,10.432266235351562,2900300,0.0,0.0
2024-08-13,10.542184761686038,10.542184761686038,10.312354649900938,10.502214431762695,2515700,0.0,0.0
2024-08-14,10.552177804908535,10.57216249380768,10.462244322442746,10.49222183227539,2132200,0.0,0.0
2024-08-15,10.482229232788086,10.572162717153798,10.272384753590718,10.482229232788086,2998500,0.0,0.0
2024-08-16,10.512207742788188,10.512207742788188,10.222421646118164,10.222421646118164,2798300,0.0,0.0
2024-08-19,10.15247389399428,10.242407379557944,10.05254854012079,10.132489204406738,2570200,0.0,0.0
2024-08-20,10.182451455132288,10.182451455132288,9.802733774383238,9.872681617736816,3269200,0.0,0.0
2024-08-21,9.87268102134548,10.062539850250966,9.832710691419702,9.942628860473633,1987600,0.0,0.0
2024-08-22,10.032562446664643,10.032562446664643,9.72279167175293,9.72279167175293,2175400,0.0,0.0
2024-08-23,9.68282174192607,9.75277053765179,9.512948545652455,9.532933235168457,2154700,0.0,0.0
2024-08-26,9.592888945854863,9.862688441192857,9.502955463086247,9.802733421325684,2420400,0.0,0.0
2024-08-27,9.842703565930503,9.842703565930503,9.502955283220851,9.552918434143066,1765300,0.0,0.0
2024-08-28,9.492962944301983,9.772755269513558,9.393036637385332,9.702807426452637,1837100,0.0,0.0
2024-08-29,9.69281445010475,9.78274793429743,9.532933123970153,9.75277042388916,1629600,0.0,0.0
2024-08-30,9.792740361493925,10.052547982495398,9.722791569397938,9.942628860473633,2767500,0.0,0.0
2024-09-02,9.94262894644044,10.032562427792989,9.85269546508789,9.85269546508789,2527300,0.0,0.0
2024-09-03,9.802733903624878,10.042555900828642,9.71280041643149,9.952622413635254,2030200,0.0,0.0
2024-09-04,9.952621929154343,10.63211850778922,9.812725294444851,10.232414245605469,9351600,0.0,0.0
2024-09-05,10.212429251298829,10.522199068437727,10.022569470371787,10.332340240478516,9616200,0.0,0.0
2024-09-06,10.19244357420489,10.292369874654751,9.972606284995893,10.032562255859375,5961700,0.0,0.0
2024-09-09,9.87268178531027,10.182451627963603,9.862688963813605,10.122496604919434,3333974,0.0,0.0
2024-09-10,10.112502966871224,10.262392418314386,10.04255512797845,10.202436447143555,3624563,0.0,0.0
2024-09-11,10.15247360426536,10.19244393526767,10.042555432250973,10.102510452270508,2550700,0.0,0.0
2024-09-12,10.052548695641182,10.21243002668656,10.052548695641182,10.082526206970215,2171463,0.0,0.0
2024-09-13,10.082525578874167,10.172459060226716,9.85269546508789,9.85269546508789,2008100,0.0,0.0
2024-09-18,9.842704131993134,9.882674464436068,9.562910851924709,9.742777824401855,2040200,0.0,0.0
2024-09-19,9.852695429449717,10.182450891237746,9.772754769196126,10.112503051757812,3206000,0.0,0.0
2024-09-20,10.122496539731559,10.152474051060592,10.002585541447525,10.082526206970215,1795201,0.0,0.0
2024-09-23,10.112503340012088,10.20243682360287,10.002585167272171,10.142480850219727,1931200,0.0,0.0
2024-09-24,10.182450856251911,10.372310638427734,10.0925183285015,10.372310638427734,3668800,0.0,0.0
2024-09-25,10.432265571840013,10.632118173125116,10.40228806283438,10.462244033813477,4806200,0.0,0.0
2024-09-26,10.432266251480952,10.742037041279536,10.38230405087257,10.732044219970703,3539300,0.0,0.0
2024-09-27,10.801992298888566,11.361576913475085,10.742036327984668,11.151732444763184,6399974,0.0,0.0
2024-09-30,11.541443959677324,12.260910851074577,11.31161384795316,12.18096923828125,8840174,0.0,0.0
2024-10-08,13.390073260881868,13.400066081864356,12.200955200033837,12.940406799316406,10751527,0.0,0.0
2024-10-09,12.610651313914298,12.620644134883534,11.651362419128418,11.651362419128418,8205500,0.0,0.0
2024-10-10,11.65136243971952,11.801251895619375,11.17171846796285,11.521458625793457,5931690,0.0,0.0
2024-10-11,11.521459055641664,11.731303539356153,11.051807887349915,11.201696395874023,5580100,0.0,0.0
2024-10-14,11.201695696761027,11.491480827331543,11.07179188609592,11.491480827331543,4169674,0.0,0.0
2024-10-15,11.381562590580856,11.841221859064426,11.301621931102655,11.451510429382324,4976800,0.0,0.0
2024-10-16,11.191703460502138,11.591407734107717,11.181710639244224,11.421533584594727,3401951,0.0,0.0
2024-10-17,11.59140775886218,11.65136278060193,11.241666637831381,11.291629791259766,3793451,0.0,0.0
2024-10-18,11.271643686977848,11.591407284040208,11.211688667694052,11.44151782989502,4880535,0.0,0.0
2024-10-21,11.481487905976476,11.771273034007436,11.481487905976476,11.711318016052246,5389200,0.0,0.0
2024-10-22,11.781266173058333,12.0410737991333,11.641369539102307,12.0410737991333,5549200,0.0,0.0
2024-10-23,12.150992148472943,12.150992148472943,11.741296014484922,11.861207008361816,5086000,0.0,0.0
2024-10-24,11.821236303726876,11.941147293816696,11.721310002168106,11.921162605285645,3566938,0.0,0.0
2024-10-25,11.941147888179456,12.33085934009488,11.831229713367975,12.280896186828613,5959600,0.0,0.0
2024-10-28,12.290888310040291,12.590666259644753,12.290888310040291,12.570680618286133,5235274,0.0,0.0
2024-10-29,12.580673879738315,12.67060736306732,12.121014595031738,12.121014595031738,4436151,0.0,0.0
2024-10-30,12.02108851057031,12.270903323068259,11.91117033613965,12.111021995544434,3768100,0.0,0.0
2024-10-31,12.111022014112844,12.500733465275582,12.111022014112844,12.410799980163574,4799949,0.0,0.0
2024-11-01,12.31087310311128,12.440776914143388,11.751288481861407,11.791258811950684,4902963,0.0,0.0
2024-11-04,12.490740510322404,12.490740510322404,11.801252053458471,12.330859184265137,7225074,0.0,0.0
2024-11-05,12.300881299073511,12.50073295055578,12.22093968551276,12.390813827514648,6761811,0.0,0.0
2024-11-06,12.490740129739704,12.570680790332611,12.24092532714491,12.390813827514648,5596663,0.0,0.0
2024-11-07,12.290888442561256,12.690591744364939,12.290888442561256,12.65062141418457,5583000,0.0,0.0
2024-11-08,12.910429331148721,12.950399662240258,12.560688219371873,12.680599212646484,5739874,0.0,0.0
2024-11-11,12.670607257474417,12.780525428978365,12.520717802185919,12.770532608032227,5128174,0.0,0.0
2024-11-12,12.830489027146664,12.990370355976122,12.590667033902475,12.750548362731934,5900600,0.0,0.0
2024-11-13,12.590666903248316,12.850473583416212,12.29088893831995,12.670607566833496,4290900,0.0,0.0
2024-11-14,12.640629336053076,12.770533155013274,12.150992524334722,12.23093318939209,3624400,0.0,0.0
2024-11-15,12.200954828721356,12.470754316262664,12.001103179993011,12.011096000671387,3667000,0.0,0.0
2024-11-18,12.01109660335529,12.180969798572281,11.351584700007507,11.511466979980469,4420700,0.0,0.0
2024-11-19,11.531451841437976,11.761281967163086,11.381563333376128,11.761281967163086,3251690,0.0,0.0
2024-11-20,11.791259069430463,12.940406799316406,11.721310275520914,12.940406799316406,6692500,0.0,0.0
2024-11-21,13.410058567296044,13.440036076525539,12.980376805479331,13.170236587524414,23928364,0.0,0.0
2024-11-22,13.68985131281915,14.48925889047332,12.81050307269635,12.850473403930664,26221377,0.0,0.0
2024-11-25,13.120273619338539,13.649880736943237,13.040332958302654,13.420051574707031,19463762,0.0,0.0
2024-11-26,13.370088310825698,14.759058952331543,13.370088310825698,14.759058952331543,21516501,0.0,0.0
2024-11-27,13.99962225580178,14.169496403745507,13.340111306358079,14.089555740356445,23520596,0.0,0.0
2024-11-28,13.78977747993829,15.498510790867112,13.52996985302096,14.619162559509277,31636263,0.0,0.0
2024-11-29,13.989629261865806,15.468532469267045,13.669866612258591,14.699103355407715,27965774,0.0,0.0
2024-12-02,14.46927357021331,16.148029425330968,14.289407552142052,15.62841510772705,26901417,0.0,0.0
2024-12-03,15.318644103876377,15.36860725657078,14.779044151306152,14.779044151306152,18288460,0.0,0.0
2024-12-04,14.439295813414075,14.46927332375402,13.64988105269777,13.749807357788086,17641870,0.0,0.0
2024-12-05,13.769791804718453,13.979636279341186,13.639887991574108,13.889702796936035,10787248,0.0,0.0
2024-12-06,13.84973275409872,13.989629391077935,13.639888275113837,13.919681549072266,8987885,0.0,0.0
2024-12-09,13.939666261127803,13.979636592763127,13.56994045525908,13.789777755737305,7171769,0.0,0.0
2024-12-10,14.039592700952246,14.159503697004856,13.769792245107958,13.869718551635742,8928200,0.0,0.0
2024-12-11,13.789777209447044,14.049584831268158,13.689850907833433,14.0295991897583,7107766,0.0,0.0
2024-12-12,14.02959974302542,14.249437043464098,13.74980742162848,14.21945858001709,11569411,0.0,0.0
2024-12-13,14.039592759669835,14.71908840680981,13.99962242748513,14.339370727539062,15322746,0.0,0.0
2024-12-16,14.369348254183423,14.789037219066714,14.229451614899697,14.639147758483887,12355722,0.0,0.0
2024-12-17,15.528488649341718,16.108059888924615,14.99888151563514,15.248696327209473,31988831,0.0,0.0
2024-12-18,14.109539798633282,14.489258409231347,13.71982836731657,13.859724998474121,23822906,0.0,0.0
2024-12-19,13.370088510098666,13.579932984921859,13.05032586387965,13.330118179321289,13692728,0.0,0.0
2024-12-20,13.290148460598814,13.979636936503736,13.260170949377184,13.559947967529297,11588478,0.0,0.0
2024-12-23,13.390073470383166,13.729821765360558,12.200955390930176,12.200955390930176,13529740,0.0,0.0
2024-12-24,12.270902754805661,12.37082905636443,11.781265973696936,11.921162605285645,8417500,0.0,0.0
2024-12-25,11.9711252488178,11.9711252488178,11.211688949972867,11.471495628356934,7728299,0.0,0.0
2024-12-26,11.51146665173973,11.821236475737255,11.451510679338483,11.74129581451416,6520299,0.0,0.0
2024-12-27,11.891184210559397,12.160984654519387,11.691332559274873,11.961133003234863,5813300,0.0,0.0
2024-12-30,11.891184832567143,11.941147986243722,11.54144466276687,11.761281967163086,4302563,0.0,0.0
2024-12-31,11.771273886772693,11.95114085960431,11.431525583854258,11.501474380493164,4027631,0.0,0.0
2025-01-02,11.391554765325695,11.681339901986695,11.221680621113952,11.351584434509277,4002600,0.0,0.0
2025-01-03,11.351584706610302,11.481488523119461,10.612133092297746,10.652103424072266,5112800,0.0,0.0
2025-01-06,10.6021396781915,10.95188077638532,10.222421071085241,10.722050666809082,4429500,0.0,0.0
2025-01-07,10.742036475854828,11.10176944732666,10.742036475854828,11.10176944732666,4416400,0.0,0.0
2025-01-08,11.121755223736795,11.271643725425404,10.811984446487724,11.181710243225098,4538700,0.0,0.0
2025-01-09,11.161725709623974,11.281636703236172,11.101769736333942,11.13174819946289,3578200,0.0,0.0
2025-01-10,11.161725495484898,11.211688646773398,10.572162406809863,10.582155227661133,4176353,0.0,0.0
2025-01-13,10.402288162933196,10.961873736574155,10.132488673350615,10.801992416381836,4583653,0.0,0.0
2025-01-14,10.951881382494802,11.881192786921691,10.801992876669507,11.511466979980469,12789272,0.0,0.0
2025-01-15,11.511466585494638,11.881192379765746,11.381562773512705,11.701325416564941,10557841,0.0,0.0
2025-01-16,11.751288857193748,11.791259188559664,11.46150371654889,11.731303215026855,8494900,0.0,0.0
2025-01-17,11.661355644011621,11.821236973185762,11.45151116122859,11.461503982543945,4846637,0.0,0.0
2025-01-20,11.491480726624951,11.811243363633505,11.431524755701933,11.711318016052246,5558300,0.0,0.0
2025-01-21,12.160984782731843,12.160984782731843,11.491481029144271,11.6113920211792,6803929,0.0,0.0
2025-01-22,11.51146709456392,11.59140775886218,11.231673816552128,11.291629791259766,4268700,0.0,0.0
2025-01-23,11.36157689721035,11.591407006883813,11.281636238098145,11.281636238098145,3829429,0.0,0.0
2025-01-24,11.291629701780662,11.431525386710085,11.151733063883357,11.381563186645508,3129600,0.0,0.0
2025-01-27,11.431525648658651,11.741296442183847,11.431525648658651,11.541444778442383,4823200,0.0,0.0
2025-02-05,11.661355750370845,11.711318904435434,11.491481598331983,11.671348571777344,3570700,0.0,0.0
2025-02-06,11.591407727101002,11.881192872630132,11.56142926334538,11.851214408874512,4777069,0.0,0.0
2025-02-07,11.89118493732256,12.0210887568389,11.751289249357198,11.971125602722168,4773606,0.0,0.0
2025-02-10,11.951140822258678,12.081044640790259,11.891184847179526,12.06105899810791,4267056,0.0,0.0
2025-02-11,12.051067155184485,12.051067155184485,11.821237028691588,11.93115520477295,2838100,0.0,0.0
2025-02-12,11.91117033613965,12.170977969849808,11.851214361834273,12.111021995544434,5536500,0.0,0.0
2025-02-13,12.081043889983304,12.640628508761742,12.001103230157813,12.18096923828125,9360300,0.0,0.0
2025-02-14,12.131007058564371,12.250918048480019,11.991110427178864,12.051066398620605,5521253,0.0,0.0
2025-02-17,12.140999417065041,12.26091136479531,11.991110911854015,12.200955390930176,3961400,0.0,0.0
2025-02-18,12.190962571176065,12.190962571176065,11.691332949792065,11.771273612976074,4866702,0.0,0.0
2025-02-19,11.771273698072362,12.170977969849808,11.711318676734868,12.111021995544434,5864200,0.0,0.0
2025-02-20,12.111021449100354,12.540703212159494,12.03108078894533,12.35084342956543,6888763,0.0,0.0
2025-02-21,12.370829360706376,12.460762843728206,12.061058580627611,12.38082218170166,5242300,0.0,0.0
2025-02-24,12.300881347336443,12.57068083965411,12.23093255431732,12.560688018798828,5271100,0.0,0.0
2025-02-25,12.420792119967818,13.060317395958316,12.350843328180483,12.570680618286133,14492100,0.0,0.0
2025-02-26,12.58067381595215,12.84048144359248,12.400806850206093,12.510725975036621,7857500,0.0,0.0
2025-02-27,12.510725771371852,12.520717639220083,12.150991845735929,12.390813827514648,5301437,0.0,0.0
2025-02-28,12.3108730848356,12.430784074925421,11.901176963786755,11.921162605285645,4034237,0.0,0.0
2025-03-03,11.971125269576346,12.490740533181267,11.911170248679085,12.200955390930176,5050800,0.0,0.0
2025-03-04,12.071051052473312,12.370829002885854,12.071051052473312,12.310873031616211,3087200,0.0,0.0
2025-03-05,12.370829020092668,12.390813708565123,12.021087918630268,12.18096923828125,3027900,0.0,0.0
2025-03-06,12.190962831590335,12.390814493819443,12.111022166698692,12.36083698272705,4290063,0.0,0.0
2025-03-07,12.280896277391774,12.480747938962727,12.121014948135011,12.190962791442871,3103400,0.0,0.0
2025-03-10,12.190962126870977,12.29088842869307,12.091036778016726,12.220939636230469,2457700,0.0,0.0
2025-03-11,12.140998874946888,12.510725616831799,12.001103197121301,12.440776824951172,5136463,0.0,0.0
2025-03-12,12.480747451960614,12.960392373982922,12.410799611382137,12.900436401367188,9255700,0.0,0.0
2025-03-13,12.92042267162122,13.869718787936991,12.670607854013495,12.70058536529541,15812776,0.0,0.0
2025-03-14,12.950400090332383,12.97038478005484,12.530711123513953,12.790518760681152,7701473,0.0,0.0
2025-03-17,12.760540672763335,12.880451664581088,12.69059187947709,12.730562210083008,5867600,0.0,0.0
2025-03-18,12.730562074545306,12.79051804629978,12.55069606521757,12.65062141418457,4604500,0.0,0.0
2025-03-19,12.63063658939416,12.710577248892971,12.490739958787321,12.570680618286133,3479794,0.0,0.0
2025-03-20,12.55069606521757,12.830488376480147,12.480747272676044,12.65062141418457,5185594,0.0,0.0
2025-03-21,12.550696660632282,12.900436828060487,12.460763175217979,12.580674171447754,3868950,0.0,0.0
2025-03-24,12.580674178276146,12.600658867841345,11.87120006880565,12.150992393493652,4131400,0.0,0.0
2025-03-25,12.140999596695211,12.260911546199619,11.791259428372337,12.021088600158691,3178500,0.0,0.0
2025-03-26,11.921163262444622,12.35084409571085,11.901177619844017,12.320866584777832,3432800,0.0,0.0
2025-03-27,12.300881696382776,12.310873564553736,12.021088422302645,12.200955390930176,2180800,0.0,0.0
2025-03-28,12.200955073097608,12.23093258276533,11.861206786970596,11.871199607849121,2495200,0.0,0.0
2025-03-31,11.801252391158114,11.871200235067798,11.441518444267395,11.671348571777344,2614400,0.0,0.0
2025-04-01,11.841222540590524,12.081044532828173,11.661355569928343,11.851214408874512,2547850,0.0,0.0
2025-04-02,11.851213880302492,12.041073663748673,11.731302889531777,11.961133003234863,1848700,0.0,0.0
2025-04-03,11.891184476194518,12.140999284122703,11.72131033056592,12.121014595031738,2899200,0.0,0.0
2025-04-07,11.271643995184899,11.511466937781247,10.911911010742188,10.911911010742188,1873300,0.0,0.0
2025-04-08,10.232414178314986,10.772014118691851,9.96261468461048,10.19244384765625,6542097,0.0,0.0
2025-04-09,9.942628810918663,10.452251229658202,9.293110714620072,10.332340240478516,4456950,0.0,0.0
2025-04-10,10.522199303164706,10.891925099625128,10.522199303164706,10.752029418945312,4111500,0.0,0.0
2025-04-11,10.6920735794569,10.98185871828348,10.652103248341781,10.83197021484375,2598885,0.0,0.0
2025-04-14,11.091777748479602,11.91117000579834,11.091777748479602,11.91117000579834,3745400,0.0,0.0
2025-04-15,12.05106707275264,12.05106707275264,11.341592961338137,11.591407775878906,9727000,0.0,0.0
2025-04-16,11.531451331229587,11.671347964740713,11.171718356016783,11.311614036560059,5155784,0.0,0.0
2025-04-17,11.371569788002656,12.440776824951172,11.241665977901873,12.440776824951172,5518701,0.0,0.0
2025-04-18,12.590666381191502,12.750547701732577,11.931154504507811,12.220939636230469,13354200,0.0,0.0
2025-04-21,11.891184924574201,12.40080738067627,11.891184924574201,12.40080738067627,7657366,0.0,0.0
2025-04-22,12.390814161104446,12.630637102307606,12.320866319444454,12.590666770935059,7878953,0.0,0.0
2025-04-23,12.570681307932528,12.670607614272066,12.360836826993806,12.410799980163574,6198390,0.0,0.0
2025-04-24,12.410800070544777,12.510726377612023,12.13100774491153,12.320866584777832,4931900,0.0,0.0
2025-04-25,12.320866429311174,12.550696551478655,12.170977923569511,12.370829582214355,4584850,0.0,0.0
2025-04-28,12.240925985389586,12.430784826265265,12.001103990714656,12.36083698272705,4355300,0.0,0.0
2025-04-29,12.290889049496238,12.53071104242107,12.190962742626947,12.450770378112793,6107200,0.0,0.0
2025-04-30,12.460763382590692,12.57068155938861,12.23093325459953,12.270903587341309,4481981,0.0,0.0
2025-05-06,12.320866490109132,12.870459268820358,12.320866490109132,12.840481758117676,8266400,0.0,0.0
2025-05-07,12.840481580518626,13.180228920708315,12.840481580518626,13.020347595214844,7266934,0.0,0.0
2025-05-08,13.020347306375976,13.110280788212968,12.920421956643203,12.99036979675293,3774000,0.0,0.0
2025-05-09,12.990369910846251,13.290147868613198,12.890443607267983,13.200214385986328,5913743,0.0,0.0
2025-05-12,13.350103090173434,13.489999726703983,13.090296412285088,13.320125579833984,5553343,0.0,0.0
2025-05-13,13.579932690229356,13.589925510948815,13.190221258881005,13.300140380859375,3956400,0.0,0.0
2025-05-14,13.250177958669525,13.549955925958967,13.110281319809681,13.31013298034668,5662400,0.0,0.0
2025-05-15,13.420051439036314,13.489999278493608,13.120273486698443,13.340110778808594,3094900,0.0,0.0
2025-05-16,13.250177804012797,13.470014151553611,13.22019934055624,13.360095977783203,2958053,0.0,0.0
2025-05-19,13.370088644041921,13.509985279648172,13.200214498294285,13.410058975219727,3779700,0.0,0.0
2025-05-20,13.440036158721483,13.779784441959693,13.310132347308766,13.639887809753418,4553400,0.0,0.0
2025-05-21,13.599917479547031,13.769791621166135,13.509984951308542,13.639887809753418,3172700,0.0,0.0
2025-05-22,13.689851048173768,13.719828557778028,13.499992216722994,13.549955368041992,2519400,0.0,0.0
2025-05-23,13.749807266715,13.84973261817558,13.39007333314689,13.410058975219727,9742897,0.0,0.0
2025-05-26,13.539962442945349,13.769791603088379,13.290147641241441,13.769791603088379,5063997,0.0,0.0
2025-05-27,13.719829049815168,13.909688841042772,13.589926185882028,13.699844360351562,2874200,0.0,0.0
2025-05-28,13.649880528221713,14.169495769977328,13.649880528221713,13.859724998474121,3354500,0.0,0.0
2025-05-29,13.92967337231851,14.179488182067871,13.679858562569148,14.179488182067871,3959200,0.0,0.0
2025-05-30,14.289407065061413,14.449288388105078,14.089555411256834,14.319384574890137,4311700,0.0,0.0
2025-06-03,14.389332175322352,14.779043608462905,14.349361845228538,14.459280967712402,5646800,0.0,0.0
2025-06-04,14.409318368231432,14.839000147907742,14.339370526132637,14.649140357971191,5474343,0.0,0.0
2025-06-05,14.589184833857324,15.088814438400822,14.049584899069057,14.06956958770752,10554853,0.0,0.0
2025-06-06,13.839740343075158,14.199473313095524,13.839740343075158,14.159502983093262,7829216,0.0,0.0
2025-06-09,14.179488007089697,14.489258786662125,14.139517676141757,14.359354972839355,4897763,0.0,0.0
2025-06-10,14.329377337722008,14.948917938488126,14.329377337722008,14.70909595489502,10664443,0.0,0.0
2025-06-11,14.559206695324274,14.918940628497465,14.249436867278321,14.399325370788574,6453900,0.0,0.0
2025-06-12,14.359355326610258,14.96890312682571,14.179488356429223,14.429303169250488,6256600,0.0,0.0
2025-06-13,14.269421118260292,14.349361778073796,13.779784338660615,13.859724998474121,5323200,0.0,0.0
2025-06-16,13.75980028822078,14.059577299937898,13.729821824674765,13.959651947021484,3204000,0.0,0.0
2025-06-17,14.029599938381686,15.35861467473297,14.029599938381686,14.339370727539062,25200700,0.0,0.0
2025-06-18,13.989628994347049,14.189480646529866,13.649880709152336,14.109539985656738,18450878,0.0,0.0
2025-06-19,14.099546979059323,14.109539799778782,13.270161918701,13.300140380859375,11101500,0.0,0.0
2025-06-20,13.330117890049914,14.099546979059323,13.290147560139916,13.300140380859375,6991600,0.0,0.0
2025-06-23,13.080303439436669,13.430043597253862,13.080303439436669,13.370088577270508,5355944,0.0,0.0
2025-06-24,13.370088252504242,13.679858071818778,13.370088252504242,13.5999174118042,4573600,0.0,0.0
2025-06-25,13.759800223965106,13.759800223965106,13.320125623688876,13.489999771118164,4610200,0.0,0.0
2025-06-26,13.520000457763672,13.649999618530273,13.140000343322754,13.180000305175781,4519000,0.01,0.0
2025-06-27,13.279999732971191,13.350000381469727,13.130000114440918,13.220000267028809,3621174,0.0,0.0
2025-06-30,13.199999809265137,13.59000015258789,13.130000114440918,13.550000190734863,4170200,0.0,0.0
2025-07-01,13.600000381469727,13.880000114440918,13.3100004196167,13.630000114440918,5129769,0.0,0.0
2025-07-02,13.75,13.829999923706055,13.5,13.699999809265137,4140900,0.0,0.0
2025-07-03,13.710000038146973,13.779999732971191,13.569999694824219,13.609999656677246,2210100,0.0,0.0
2025-07-04,13.609999656677246,13.649999618530273,13.300000190734863,13.3100004196167,2549100,0.0,0.0
2025-07-07,13.350000381469727,13.539999961853027,13.229999542236328,13.520000457763672,2265900,0.0,0.0
2025-07-08,13.520000457763672,13.850000381469727,13.390000343322754,13.819999694824219,4302400,0.0,0.0
2025-07-09,13.779999732971191,13.979999542236328,13.539999961853027,13.600000381469727,3124600,0.0,0.0
2025-07-10,13.600000381469727,13.619999885559082,13.350000381469727,13.460000038146973,2648300,0.0,0.0
2025-07-11,13.479999542236328,13.5,13.210000038146973,13.350000381469727,2891400,0.0,0.0
2025-07-14,13.40999984741211,13.569999694824219,13.229999542236328,13.369999885559082,2438537,0.0,0.0
2025-07-15,13.300000190734863,13.34000015258789,12.609999656677246,12.869999885559082,5140400,0.0,0.0
2025-07-16,12.920000076293945,13.109999656677246,12.760000228881836,13.069999694824219,3001800,0.0,0.0
2025-07-17,13.069999694824219,13.180000305175781,13.0,13.079999923706055,2100600,0.0,0.0
2025-07-18,13.109999656677246,13.1899995803833,12.84000015258789,12.949999809265137,2479500,0.0,0.0
2025-07-21,12.960000038146973,13.229999542236328,12.899999618530273,13.130000114440918,2812400,0.0,0.0
2025-07-22,13.130000114440918,13.130000114440918,12.899999618530273,13.029999732971191,3261500,0.0,0.0
2025-07-23,13.010000228881836,13.029999732971191,12.829999923706055,12.869999885559082,2859498,0.0,0.0
2025-07-24,12.979999542236328,13.100000381469727,12.8100004196167,13.079999923706055,2528500,0.0,0.0
2025-07-25,13.109999656677246,13.329999923706055,13.069999694824219,13.130000114440918,2807300,0.0,0.0
2025-07-28,13.270000457763672,13.3100004196167,13.109999656677246,13.15999984741211,3134808,0.0,0.0
2025-07-29,13.25,13.25,12.880000114440918,13.020000457763672,2860408,0.0,0.0
2025-07-30,13.029999732971191,13.329999923706055,12.829999923706055,13.109999656677246,4474316,0.0,0.0
2025-07-31,13.039999961853027,13.220000267028809,12.890000343322754,12.960000038146973,4342400,0.0,0.0
2025-08-01,13.09000015258789,13.100000381469727,12.859999656677246,12.949999809265137,2179442,0.0,0.0
2025-08-04,12.899999618530273,13.079999923706055,12.760000228881836,13.050000190734863,2845400,0.0,0.0
2025-08-05,13.100000381469727,13.210000038146973,13.010000228881836,13.15999984741211,2627500,0.0,0.0
2025-08-06,13.199999809265137,13.199999809265137,13.09000015258789,13.149999618530273,2312800,0.0,0.0
2025-08-07,13.1899995803833,13.25,13.069999694824219,13.220000267028809,2951700,0.0,0.0
2025-08-08,13.210000038146973,13.260000228881836,12.979999542236328,13.170000076293945,3024700,0.0,0.0
2025-08-11,13.180000305175781,13.369999885559082,13.140000343322754,13.289999961853027,3038500,0.0,0.0
2025-08-12,13.300000190734863,13.380000114440918,13.170000076293945,13.170000076293945,2343400,0.0,0.0
2025-08-13,13.15999984741211,13.260000228881836,13.020000457763672,13.119999885559082,2905774,0.0,0.0
2025-08-14,13.119999885559082,13.300000190734863,13.010000228881836,13.109999656677246,4611100,0.0,0.0
2025-08-15,13.020000457763672,13.229999542236328,13.020000457763672,13.119999885559082,3448623,0.0,0.0
2025-08-18,13.130000114440918,13.270000457763672,13.0600004196167,13.149999618530273,4493300,0.0,0.0
2025-08-19,13.149999618530273,13.399999618530273,12.920000076293945,13.369999885559082,4970908,0.0,0.0
2025-08-20,13.34000015258789,13.710000038146973,13.25,13.609999656677246,4721047,0.0,0.0
2025-08-21,13.630000114440918,13.880000114440918,13.619999885559082,13.770000457763672,7638353,0.0,0.0
2025-08-22,13.800000190734863,13.850000381469727,13.479999542236328,13.670000076293945,4816942,0.0,0.0
2025-08-25,13.800000190734863,13.90999984741211,13.600000381469727,13.6899995803833,6071700,0.0,0.0
2025-08-26,13.6899995803833,14.449999809265137,13.600000381469727,14.199999809265137,8592573,0.0,0.0
2025-08-27,14.1899995803833,14.489999771118164,14.0,14.0600004196167,7279217,0.0,0.0
2025-08-28,13.979999542236328,14.1899995803833,13.510000228881836,14.079999923706055,6412300,0.0,0.0
2025-08-29,14.0600004196167,14.369999885559082,13.829999923706055,13.890000343322754,3656547,0.0,0.0
2025-09-01,13.899999618530273,14.15999984741211,13.819999694824219,14.149999618530273,3439063,0.0,0.0
2025-09-02,14.149999618530273,14.149999618530273,13.630000114440918,13.800000190734863,3957100,0.0,0.0
2025-09-03,13.789999961853027,13.899999618530273,13.399999618530273,13.489999771118164,2969717,0.0,0.0
2025-09-04,13.430000305175781,13.770000457763672,13.34000015258789,13.569999694824219,2973900,0.0,0.0
2025-09-05,14.199999809265137,14.319999694824219,13.3100004196167,13.880000114440918,8669973,0.0,0.0
2025-09-08,13.710000038146973,14.279999732971191,13.59000015258789,14.25,7807001,0.0,0.0
2025-09-09,14.25,14.380000114440918,14.0,14.029999732971191,4358163,0.0,0.0
2025-09-10,14.100000381469727,14.550000190734863,14.039999961853027,14.479999542236328,8142848,0.0,0.0
2025-09-11,14.390000343322754,15.199999809265137,14.220000267028809,14.739999771118164,12403266,0.0,0.0
2025-09-12,14.720000267028809,14.770000457763672,14.210000038146973,14.270000457763672,7696400,0.0,0.0
2025-09-15,14.210000038146973,14.329999923706055,13.979999542236328,14.329999923706055,3975875,0.0,0.0
2025-09-16,14.270000457763672,14.4399995803833,14.1899995803833,14.369999885559082,3400800,0.0,0.0
2025-09-17,14.369999885559082,14.5,14.239999771118164,14.350000381469727,2821254,0.0,0.0
2025-09-18,14.300000190734863,14.770000457763672,14.020000457763672,14.210000038146973,9516000,0.0,0.0
2025-09-19,14.109999656677246,14.529999732971191,13.90999984741211,14.510000228881836,6105285,0.0,0.0
2025-09-22,14.539999961853027,14.949999809265137,14.279999732971191,14.510000228881836,5926138,0.0,0.0
2025-09-23,14.380000114440918,14.600000381469727,13.720000267028809,14.15999984741211,4978015,0.0,0.0
2025-09-24,14.010000228881836,14.710000038146973,13.949999809265137,14.220000267028809,7887600,0.0,0.0
2025-09-25,14.220000267028809,14.529999732971191,14.010000228881836,14.420000076293945,5754900,0.0,0.0
2025-09-26,14.260000228881836,14.65999984741211,14.029999732971191,14.520000457763672,4729074,0.0,0.0
2025-09-29,14.609999656677246,15.5,14.399999618530273,14.949999809265137,12580441,0.0,0.0
2025-09-30,14.979999542236328,15.149999618530273,14.800000190734863,15.09000015258789,6675700,0.0,0.0
2025-10-09,15.0,15.09000015258789,14.75,14.779999732971191,5845774,0.0,0.0
2025-10-10,14.869999885559082,15.25,14.65999984741211,15.010000228881836,7406099,0.0,0.0
2025-10-13,14.600000381469727,15.199999809265137,14.109999656677246,15.199999809265137,6344560,0.0,0.0
2025-10-14,15.210000038146973,15.619999885559082,15.140000343322754,15.34000015258789,6163778,0.0,0.0
2025-10-15,15.350000381469727,16.18000030517578,15.350000381469727,16.1200008392334,11169544,0.0,0.0
2025-10-16,16.329999923706055,16.3799991607666,15.630000114440918,15.699999809265137,9166700,0.0,0.0
2025-10-17,15.800000190734863,15.9399995803833,15.390000343322754,15.489999771118164,7400099,0.0,0.0
2025-10-20,15.600000381469727,15.649999618530273,15.300000190734863,15.34000015258789,4995200,0.0,0.0
2025-10-21,15.40999984741211,15.510000228881836,15.0,15.4399995803833,4985610,0.0,0.0
2025-10-22,15.4399995803833,15.579999923706055,15.010000228881836,15.039999961853027,5501159,0.0,0.0
2025-10-23,15.109999656677246,15.930000305175781,15.109999656677246,15.59000015258789,7928889,0.0,0.0
2025-10-24,15.59000015258789,15.729999542236328,15.199999809265137,15.210000038146973,5680517,0.0,0.0
2025-10-27,15.199999809265137,15.260000228881836,14.760000228881836,14.760000228881836,6842200,0.0,0.0
2025-10-28,14.470000267028809,14.890000343322754,14.470000267028809,14.8100004196167,4847800,0.0,0.0
2025-10-29,14.8100004196167,15.109999656677246,14.520000457763672,14.899999618530273,5250924,0.0,0.0
2025-10-30,14.899999618530273,15.09000015258789,14.760000228881836,14.949999809265137,4615700,0.0,0.0
2025-10-31,14.949999809265137,15.039999961853027,14.739999771118164,14.779999732971191,3182500,0.0,0.0
2025-11-03,14.779999732971191,15.399999618530273,14.720000267028809,15.09000015258789,7673000,0.0,0.0
2025-11-04,15.119999885559082,15.260000228881836,14.920000076293945,15.210000038146973,4736126,0.0,0.0
2025-11-05,15.199999809265137,15.449999809265137,15.0600004196167,15.420000076293945,3621100,0.0,0.0
2025-11-06,15.390000343322754,16.959999084472656,15.279999732971191,15.800000190734863,20362700,0.0,0.0
2025-11-07,15.199999809265137,16.8799991607666,15.199999809265137,16.530000686645508,22109327,0.0,0.0
2025-11-10,16.149999618530273,17.290000915527344,16.040000915527344,16.920000076293945,14547600,0.0,0.0
2025-11-11,16.829999923706055,17.25,16.540000915527344,16.75,9471100,0.0,0.0
2025-11-12,16.850000381469727,17.649999618530273,16.739999771118164,17.1299991607666,10824600,0.0,0.0
2025-11-13,17.010000228881836,17.1299991607666,16.450000762939453,16.790000915527344,8334200,0.0,0.0
2025-11-14,16.709999084472656,16.889999389648438,16.399999618530273,16.399999618530273,4673900,0.0,0.0
2025-11-17,16.40999984741211,16.40999984741211,15.90999984741211,16.049999237060547,5892100,0.0,0.0
2025-11-18,16.030000686645508,16.8700008392334,16.030000686645508,16.6200008392334,8001700,0.0,0.0
2025-11-19,16.610000610351562,16.760000228881836,16.100000381469727,16.239999771118164,4454200,0.0,0.0
2025-11-20,16.239999771118164,16.479999542236328,15.989999771118164,16.059999465942383,3079400,0.0,0.0
2025-11-21,16.0,16.309999465942383,15.1899995803833,15.260000228881836,5853000,0.0,0.0
2025-11-24,15.359999656677246,15.619999885559082,14.970000267028809,15.09000015258789,3641800,0.0,0.0
2025-11-25,15.239999771118164,15.479999542236328,15.039999961853027,15.380000114440918,3040600,0.0,0.0
2025-11-26,15.539999961853027,15.880000114440918,15.210000038146973,15.34000015258789,5151500,0.0,0.0
2025-11-27,15.600000381469727,15.600000381469727,14.850000381469727,14.880000114440918,5080900,0.0,0.0
2025-11-28,14.880000114440918,15.75,14.75,15.680000305175781,6038700,0.0,0.0
2025-12-01,15.789999961853027,15.800000190734863,15.319999694824219,15.380000114440918,4232500,0.0,0.0
2025-12-02,15.300000190734863,15.460000038146973,15.100000381469727,15.130000114440918,2821700,0.0,0.0
2025-12-03,15.140000343322754,15.279999732971191,14.920000076293945,15.029999732971191,2889100,0.0,0.0
2025-12-04,15.180000305175781,15.59000015258789,14.779999732971191,15.4399995803833,5167100,0.0,0.0
2025-12-05,15.430000305175781,15.430000305175781,14.960000038146973,15.399999618530273,3658300,0.0,0.0
2025-12-08,15.470000267028809,16.469999313354492,15.380000114440918,16.079999923706055,7360700,0.0,0.0
2025-12-09,15.920000076293945,16.479999542236328,15.829999923706055,15.9399995803833,5344544,0.0,0.0
2025-12-10,16.260000228881836,16.40999984741211,15.609999656677246,15.829999923706055,4549400,0.0,0.0
2025-12-11,15.829999923706055,15.949999809265137,15.34000015258789,15.369999885559082,3523200,0.0,0.0
2025-12-12,15.420000076293945,15.5600004196167,15.130000114440918,15.210000038146973,2979199,0.0,0.0
2025-12-15,15.34000015258789,15.34000015258789,14.859999656677246,15.170000076293945,2205800,0.0,0.0
2025-12-16,15.170000076293945,15.239999771118164,14.539999961853027,14.800000190734863,3290400,0.0,0.0
2025-12-17,14.800000190734863,15.09000015258789,14.359999656677246,15.029999732971191,3125466,0.0,0.0
2025-12-18,14.899999618530273,15.34000015258789,14.84000015258789,15.220000267028809,2510600,0.0,0.0
2025-12-19,15.220000267028809,15.279999732971191,14.9399995803833,15.220000267028809,1830166,0.0,0.0
2025-12-22,15.260000228881836,15.539999961853027,15.100000381469727,15.300000190734863,2060100,0.0,0.0
2025-12-23,15.300000190734863,15.449999809265137,14.890000343322754,15.380000114440918,3135500,0.0,0.0
2025-12-24,15.350000381469727,15.569999694824219,15.140000343322754,15.380000114440918,2088300,0.0,0.0
2025-12-25,15.220000267028809,16.920000076293945,15.399999618530273,16.920000076293945,7892764,0.0,0.0
