代码,日期,3日收益,5日收益,10日收益,20日收益
600644,2008-08-15,-5.0,-5.0,-5.0,-5.0
000906,2017-04-26,1.7477203647416446,-1.5957446808510702,-5.0,-5.0
000906,2022-11-03,1.8823529411764721,5.411764705882363,5.647058823529417,8.23529411764705
002196,2008-10-31,9.596928982725528,26.679462571976963,41.07485604606526,27.06333973128599
002088,2018-10-31,3.638253638253653,1.9750519750519884,4.781704781704791,4.469854469854486
603739,2022-04-29,5.567300916138132,3.735024665257231,3.735024665257231,3.735024665257231
603901,2018-10-17,-5.0,-5.0,-5.0,-5.0
000683,2011-01-27,5.5483870967741895,6.064516129032267,11.870967741935482,18.838709677419367
002055,2017-01-20,0.3927344133529616,-0.540009818360331,3.730976926853206,9.4747177221404
000726,2001-05-30,2.8169014084507067,4.647887323943664,3.6619718309859253,5.985915492957757
603050,2018-08-09,0.9322033898305037,-4.067796610169495,-5.0,-5.0
600867,1998-08-20,0.7377049180327858,0.24590163934427164,-5.0,-5.0
002322,2014-05-05,0.49652432969214433,2.383316782522346,-0.6951340615690197,-0.2979145978153042
600711,2010-07-06,3.817427385892108,4.39834024896265,6.307053941908712,12.199170124481318
600711,2013-07-02,3.0178326474622734,-5.0,-5.0,-5.0
600651,1997-08-07,-2.9562982005141443,-5.0,-5.0,-5.0
002056,2008-08-15,-5.0,-5.0,-5.0,-5.0
002056,2011-12-19,-5.0,-5.0,-5.0,-5.0
002056,2011-12-20,-5.0,-5.0,-5.0,-5.0
002056,2018-06-26,3.5450516986706093,2.6587887740029634,12.259970457902511,15.805022156573123
002400,2016-01-14,-5.0,-5.0,-5.0,-5.0
002400,2017-07-24,3.1055900621117902,1.7080745341614818,0.46583850931676024,10.714285714285705
002111,2016-02-02,15.8366533864542,19.02390438247012,20.766932270916342,20.766932270916342
002803,2018-06-25,3.4193548387096846,6.774193548387101,5.806451612903216,0.0
002159,2008-03-20,8.253012048192755,10.120481927710841,7.53012048192771,7.53012048192771
002159,2019-05-10,3.5077630822311643,-2.9902242668200087,-5.0,-5.0
002159,2020-02-10,8.6913086913087,8.6913086913087,8.6913086913087,8.6913086913087
000510,2017-06-07,-3.646563814866757,11.079943899018234,12.201963534361852,12.201963534361852
000409,2003-04-11,0.14064697609001106,0.5625879043600567,-5.0,-5.0
000409,2017-12-28,12.835249042145595,16.28352490421457,14.942528735632191,14.942528735632191
002474,2018-10-17,-5.0,-5.0,-5.0,-5.0
000059,2010-07-06,3.547963206307484,3.8107752956636007,10.38107752956636,27.069645203679364
002737,2019-01-07,-2.5695931477516023,-1.7844396859386153,11.134903640256963,8.422555317630263
600212,2018-03-08,5.034965034965027,1.8181818181818168,-2.3776223776223766,-5.0
600476,2012-08-03,1.767304860088367,3.8291605301914546,1.6200294550810062,2.356406480117822
600476,2017-12-11,-1.4671361502347418,-3.1103286384976383,-5.0,-5.0
600578,2008-09-11,-1.1787819253438037,-5.0,-5.0,-5.0
000600,2016-02-02,1.761006289308172,3.773584905660375,9.559748427672963,3.270440251572335
600281,2010-07-06,2.8301886792452784,2.672955974842766,8.49056603773585,35.377358490566024
603138,2020-12-30,2.480510276399727,-5.0,-5.0,-5.0
603138,2024-06-11,2.8388278388278434,5.769230769230776,-5.0,-5.0
601118,2014-05-06,-4.302925989672978,-0.17211703958691543,1.2048192771084387,-3.270223752151455
688681,2022-05-05,3.137902559867884,3.6333608587943953,8.175061932287369,2.559867877786957
600829,2007-11-15,7.4014909478168285,-0.8519701810436643,11.714589989350369,11.714589989350369
600829,2018-06-27,-2.222222222222224,-3.611111111111108,-5.0,-5.0
600829,2021-02-01,-5.0,-5.0,-5.0,-5.0
002033,2008-11-05,-5.0,-5.0,-5.0,-5.0
000758,2013-03-25,-4.204398447606729,-5.0,-5.0,-5.0
000789,2001-08-10,-1.098901098901095,-2.5274725274725323,-5.0,-5.0
600776,2022-04-29,2.5149700598802496,3.592814371257494,6.467065868263484,9.101796407185626
000739,2000-05-17,7.347328244274805,10.782442748091594,12.786259541984732,12.786259541984732
603778,2018-06-26,0.1968503937007832,-1.181102362204734,5.708661417322835,9.05511811023622
600730,2017-05-12,1.0169491525423713,-0.3389830508474504,-5.0,-5.0
600168,2008-04-23,15.23500810372772,18.476499189627223,12.80388978930308,12.80388978930308
600168,2010-07-06,4.297994269340971,1.4326647564469863,15.902578796561595,26.21776504297994
600168,2011-01-27,11.756935270805819,14.663143989431958,17.305151915455752,14.398943196829588
000566,2018-08-13,-5.0,-5.0,-5.0,-5.0
600375,2010-05-21,12.71129141311699,14.672075726842474,8.519269776876278,8.519269776876278
000626,1999-01-05,1.115241635687735,-2.973977695167276,-5.0,-5.0
000626,2017-05-31,0.4402515723270458,3.899371069182385,12.201257861635217,14.276729559748436
000626,2017-11-22,-3.1128404669260727,0.3891050583657643,-5.0,-5.0
000626,2022-10-12,3.8915094339622645,2.240566037735843,0.4716981132075371,10.49528301886791
000993,2010-05-14,-5.0,-5.0,-5.0,-5.0
000987,2003-11-13,0.19999999999999576,5.800000000000001,6.600000000000001,6.600000000000001
600251,2010-05-19,-5.0,-5.0,-5.0,-5.0
600251,2010-07-06,9.39774983454667,4.831237590999341,4.831237590999341,4.831237590999341
000501,2016-02-02,3.405370006548786,5.566470203012452,6.221349050425666,6.090373280943024
000783,2010-05-13,-5.0,-5.0,-5.0,-5.0
000783,2018-06-26,1.8761726078799181,0.7504690431519707,0.9380863039399591,3.9399624765478416
000422,2016-02-02,0.6814310051107332,3.4071550255536653,7.4957410562180495,-5.0
601615,2023-05-10,3.7808219178082263,3.28767123287672,1.9726027397260242,-5.0
601615,2024-02-07,5.136986301369875,9.931506849315081,12.328767123287673,12.328767123287673
600088,2004-06-16,10.426008968609862,8.96860986547086,8.96860986547086,8.96860986547086
600351,2010-07-07,3.814713896457769,0.40871934604904975,11.171662125340603,23.70572207084469
600039,2013-07-01,0.939849624060147,-4.135338345864673,6.390977443609019,6.390977443609019
000755,2010-07-06,3.7821482602118,1.5128593040847147,6.202723146747341,12.102874432677757
600335,2017-05-31,2.312138728323684,9.055876685934484,6.454720616570326,6.454720616570326
600335,2018-02-12,2.2148394241417617,3.543743078626803,17.16500553709857,17.8294573643411
600125,2016-02-02,2.006172839506171,4.629629629629626,9.41358024691357,3.24074074074074
002123,2011-10-25,3.72372372372373,2.70270270270272,6.606606606606616,6.606606606606616
002123,2011-10-26,4.033214709371292,3.736654804270457,5.278766310794785,5.278766310794785
600784,1997-07-10,11.231884057971007,8.550724637681157,8.550724637681157,8.550724637681157
000035,2004-08-24,-1.369863013698628,2.739726027397256,2.2831050228310423,-5.0
000035,2004-08-25,-5.0,-5.0,-5.0,-5.0
002040,2017-11-28,3.8850038850038855,0.23310023310024194,1.7871017871017907,-2.641802641802641
002085,2010-07-06,4.774897680763979,3.683492496589353,10.504774897680758,86.22100954979537
000729,2018-07-09,3.4428794992175376,5.633802816901413,13.77151799687011,9.546165884194059
601999,2022-04-29,-5.0,-5.0,-5.0,-5.0
600769,2008-04-08,-5.0,-5.0,-5.0,-5.0
000800,2008-08-28,0.493421052631583,0.9868421052631514,-5.0,-5.0
000800,2018-06-26,2.888583218707027,0.5502063273727653,-5.0,-5.0
000567,2001-09-20,-2.1786492374727593,-5.0,-5.0,-5.0
002383,2020-11-05,-0.12224938875305363,-3.178484107579459,-5.0,-5.0
000597,2010-05-14,-5.0,-5.0,-5.0,-5.0
000678,2010-07-06,1.4492753623188384,1.1272141706924361,-5.0,-5.0
600061,2011-10-25,1.1421319796954297,1.0152284263959401,2.1573604060913807,5.32994923857869
600061,2018-06-26,0.9793253536452652,-0.10881392818280508,-5.0,-5.0
600860,2014-04-08,-1.119402985074636,-0.3731343283582175,2.9850746268656576,-0.18656716417911706
002634,2021-02-09,16.27486437613019,15.73236889692586,13.924050632911383,13.924050632911383
600099,2001-07-10,-3.0583873957367778,-5.0,-5.0,-5.0
600099,2002-01-24,-5.0,-5.0,-5.0,-5.0
600099,2010-05-21,6.467661691542307,6.467661691542307,6.467661691542307,6.467661691542307
002552,2021-02-10,12.974976830398521,10.750695088044488,10.750695088044488,10.750695088044488
600123,2013-06-28,-5.0,-5.0,-5.0,-5.0
600156,2002-11-27,0.6546644844517191,2.2913256955810093,-0.9819967266775859,4.746317512274959
603118,2021-02-09,8.700834326579244,6.912991656734207,6.912991656734207,6.912991656734207
600707,2004-12-22,-3.9156626506024064,-5.0,-5.0,-5.0
600707,2011-01-21,-5.0,-5.0,-5.0,-5.0
000027,2016-02-02,4.573170731707328,6.707317073170738,9.146341463414643,9.146341463414643
600872,2024-07-17,-0.3565970453387687,-5.0,-5.0,-5.0
600110,2008-08-29,-5.0,-5.0,-5.0,-5.0
600110,2010-07-06,5.892857142857145,2.85714285714286,8.750000000000005,11.607142857142865
600110,2011-01-27,4.315476190476191,10.41666666666667,12.499999999999998,19.940476190476204
600110,2018-06-26,-0.3809523809523728,1.904761904761898,-5.0,-5.0
002802,2023-05-19,0.0,1.0416666666666612,1.6098484848484842,0.568181818181806
002459,2024-04-26,-0.966183574879231,-1.725327812284334,-1.8633540372670776,-5.0
002459,2025-04-14,-5.0,-5.0,-5.0,-5.0
600755,1999-03-03,-0.72793448589627,1.2738853503184764,5.0955414012738895,5.0955414012738895
600755,2002-01-18,3.829321663019689,3.7199124726477004,-5.0,-5.0
000561,2011-10-26,2.3703703703703725,5.18518518518518,6.814814814814814,6.814814814814814
600188,2023-06-06,0.9660107334525924,0.8228980322003593,2.2540250447227157,14.311270125223613
002029,2008-05-15,-5.0,-5.0,-5.0,-5.0
002029,2008-10-23,-5.0,-5.0,-5.0,-5.0
000156,2018-07-03,-5.0,-5.0,-5.0,-5.0
000632,2016-02-03,-5.0,-5.0,-5.0,-5.0
603788,2017-01-20,2.474284125660274,2.474284125660274,3.947734222963586,6.950236308034473
600559,2011-12-30,-5.0,-5.0,-5.0,-5.0
600559,2018-08-09,1.6939890710382444,-2.568306010928975,-5.0,-5.0
600559,2020-02-10,3.12500000000001,4.202586206896558,6.142241379310348,2.370689655172421
600189,2018-07-10,-0.3289473684210602,-5.0,-5.0,-5.0
600189,2021-08-02,-5.0,-5.0,-5.0,-5.0
000848,2011-06-23,3.414313854235059,4.793171372291533,7.4195666447800335,18.713066316480617
002236,2014-03-03,-5.0,-5.0,-5.0,-5.0
600768,2010-07-06,4.824561403508773,10.233918128654974,10.233918128654974,10.233918128654974
600602,2018-06-25,1.2658227848101156,2.8933092224231487,4.159132007233265,6.509945750452069
601882,2022-04-28,4.233483001924311,9.30083386786401,7.825529185375234,7.825529185375234
600246,2003-11-14,2.2779043280182356,0.4555808656036552,16.970387243735765,16.970387243735765
600246,2008-08-15,-5.0,-5.0,-5.0,-5.0
000998,2005-04-28,-5.0,-5.0,-5.0,-5.0
000998,2018-06-25,-1.6621983914209049,-1.4477211796246625,-5.0,-5.0
002250,2022-03-29,3.7509377344336086,2.775693923480864,0.9752438109527439,-5.0
002366,2011-05-31,2.0610687022900733,1.5267175572519165,1.4503816793893094,4.809160305343518
002632,2018-10-17,7.790143084260735,6.0413354531001575,5.564387917329088,9.697933227344997
688371,2025-11-27,-1.2371134020618477,-4.432989690721647,-5.0,-5.0
601008,2010-07-06,3.8745387453874534,1.660516605166049,4.9815498154981634,10.516605166051667
600109,1998-08-21,27.192982456140346,26.2280701754386,23.245614035087723,20.087719298245606
600109,2001-02-27,3.56589147286821,2.635658914728681,7.906976744186044,17.209302325581387
600109,2018-06-26,2.8943560057887145,3.328509406657012,3.328509406657012,4.7756874095513755
000950,2010-05-13,-5.0,-5.0,-5.0,-5.0
000950,2010-07-06,5.6603773584905746,3.4833091436865056,8.708272859216263,38.316400580551516
601519,2016-02-02,6.712962962962964,6.712962962962964,6.712962962962964,6.712962962962964
601519,2017-02-07,0.9523809523809603,9.365079365079364,9.682539682539689,9.682539682539689
600746,2018-05-08,3.3439490445859867,1.2738853503184724,7.802547770700626,8.280254777070056
000065,2008-08-15,-5.0,-5.0,-5.0,-5.0
000065,2011-01-27,6.95443645083933,6.95443645083933,6.95443645083933,6.95443645083933
600894,2010-07-05,3.3203124999999987,7.812499999999989,9.374999999999991,27.148437499999993
600894,2016-02-01,3.9772727272727306,1.207386363636363,8.948863636363635,2.0
600894,2018-06-26,0.5084745762711755,0.3389830508474504,-1.1864406779661063,1.6949152542372818
600106,2017-05-17,-5.0,-5.0,-5.0,-5.0
002500,2018-10-19,8.928571428571432,8.928571428571432,8.928571428571432,8.928571428571432
600198,2003-11-04,-5.0,-5.0,-5.0,-5.0
600198,2012-07-12,-5.0,-5.0,-5.0,-5.0
002806,2021-02-09,8.192771084337345,9.638554216867457,9.638554216867457,9.638554216867457
002202,2017-08-31,0.2502085070892357,-0.0834028356964119,3.33611342785655,6.338615512927438
600830,2010-07-07,2.8272251308900476,0.418848167539258,3.979057591623026,9.109947643979048
600864,2008-08-29,-5.0,-5.0,-5.0,-5.0
600864,2008-09-12,-5.0,-5.0,-5.0,-5.0
600864,2010-07-06,3.69393139841689,1.319261213720312,2.7704485488126642,6.99208443271767
600197,2018-03-29,-1.3705851344227624,1.4760147601476075,-4.1117554032683055,-5.0
600197,2022-10-14,-0.09385265133739829,2.2055373064289183,-5.0,-5.0
600543,2008-08-29,-5.0,-5.0,-5.0,-5.0
002164,2008-03-24,-5.0,-5.0,-5.0,-5.0
002164,2010-07-06,6.378132118451024,5.846621108580103,10.782080485952923,16.324981017463934
002164,2018-06-22,2.50000000000001,3.214285714285725,-5.0,-5.0
600973,2005-05-13,1.3059701492537201,0.373134328358201,3.358208955223875,5.970149253731331
600973,2013-07-11,3.534609720176734,2.503681885125183,-0.2945508100147343,-5.0
600586,2008-08-29,-2.377414561664192,-5.0,-5.0,-5.0
600419,2003-11-04,-5.0,-5.0,-5.0,-5.0
600419,2017-12-08,4.812597028165879,3.2157906409403316,3.2823242404080655,3.6149922377467183
000039,2019-07-05,-5.0,-5.0,-5.0,-5.0
000039,2019-07-17,-3.7914691943127994,-1.8009478672985901,-1.895734597156408,-5.0
603010,2018-02-13,3.3783783783783896,15.696465696465713,27.650727650727653,25.467775467775482
000519,2011-10-12,1.6409266409266405,-2.8957528957528855,-5.0,-5.0
000519,2011-12-30,-5.0,-5.0,-5.0,-5.0
000519,2017-11-08,-1.2958963282937281,-1.7278617710583168,-5.0,-5.0
600969,2005-01-21,1.7211703958692002,-2.753872633390693,2.925989672977639,8.43373493975904
600969,2012-12-04,6.298200514138809,7.197943444730072,11.825192802056543,16.066838046272483
600176,2008-08-15,3.6208732694355676,0.05324813631521837,-0.3194888178913859,-5.0
000707,2010-07-06,5.6737588652482325,2.659574468085113,9.574468085106384,17.02127659574468
000917,2002-01-18,9.335124244459372,7.991940899932826,7.991940899932826,7.991940899932826
000917,2008-11-03,8.444444444444441,14.222222222222214,23.33333333333333,11.000000000000004
000917,2012-11-22,-5.0,-5.0,-5.0,-5.0
000917,2019-08-12,-5.0,-5.0,-5.0,-5.0
002068,2011-12-19,-5.0,-5.0,-5.0,-5.0
000153,2018-06-25,-1.1164274322168963,0.0,1.7543859649122857,8.61244019138756
002014,2008-10-21,0.3824091778202595,-5.0,-5.0,-5.0
002734,2020-11-05,2.662490211433045,2.5841816758026632,6.4212999216914675,7.439310884886462
002242,2011-10-12,-0.6550218340611408,-4.257641921397386,-5.0,-5.0
002242,2011-10-13,-4.239130434782596,-5.0,-5.0,-5.0
002242,2016-02-02,2.6181353767560673,6.130268199233722,8.620689655172423,8.620689655172423
002242,2021-09-06,4.806346243583767,2.893140457302851,-2.0065328978068115,8.026131591227246
002010,2011-10-12,1.9021739130434738,-3.3967391304347823,-5.0,-5.0
002514,2012-07-19,-1.842374616171952,-3.0706243602865806,-5.0,-5.0
002209,2018-06-26,1.971830985915501,1.971830985915501,-5.0,-5.0
000663,2011-01-27,1.0663507109004722,9.00473933649289,13.74407582938389,9.952606635071088
000663,2019-02-11,5.791505791505806,10.424710424710426,10.424710424710426,10.424710424710426
002171,2022-11-04,0.7936507936508002,0.2645502645502707,-1.7195767195767182,4.100529100529108
000551,2018-06-25,0.35842293906809275,0.8960573476702477,4.121863799283146,4.121863799283146
600611,2010-07-06,3.3829499323410013,0.5412719891745607,9.066305818673895,12.178619756427599
002174,2011-12-19,16.650987770460954,15.05174035747883,15.05174035747883,15.05174035747883
600975,2005-04-28,-5.0,-5.0,-5.0,-5.0
600770,2018-06-26,1.7241379310344922,3.7931034482758577,2.5862068965517304,-5.0
600770,2023-04-28,0.6920415224913501,-1.5570934256055338,-5.0,-5.0
600219,2010-07-06,4.015544041450772,1.4248704663212477,7.901554404145082,15.284974093264255
002468,2020-12-29,-0.886699507389161,-1.2807881773399092,-5.0,-5.0
002861,2021-06-01,-1.322199025748083,1.6005567153792655,7.237299930410584,12.038970076548381
600283,2018-06-25,0.09345794392524827,0.6542056074766383,0.6542056074766383,5.700934579439264
002107,2008-11-07,5.582524271844648,13.531553398058255,11.711165048543688,11.711165048543688
002107,2018-08-09,2.1907216494845354,-1.1597938144329878,-5.0,-5.0
002107,2018-10-19,4.5977011494252915,4.43349753694582,11.001642036124794,14.942528735632187
600744,2008-04-08,-5.0,-5.0,-5.0,-5.0
002044,2019-07-16,2.2922636103151883,6.399235912129894,11.843361986628462,8.213944603629411
002044,2021-07-30,0.6640106241699844,-1.460823373173975,7.304116865869852,7.304116865869852
002593,2012-07-19,-0.7416563658838133,-1.3597033374536394,-5.0,-5.0
600268,2008-10-23,11.69230769230769,12.769230769230772,8.153846153846157,8.153846153846157
600268,2021-02-10,9.73451327433628,7.079646017699106,7.079646017699106,7.079646017699106
000541,1994-04-26,3.2394366197183158,3.2394366197183158,3.2394366197183158,3.2394366197183158
000541,2012-07-19,0.5681818181818187,-3.267045454545461,-5.0,-5.0
000541,2022-11-04,-0.5714285714285762,-1.1428571428571355,0.1904761904761864,0.1904761904761864
600828,2003-11-13,2.169625246548312,8.8757396449704,4.930966469428007,4.930966469428007
600828,2018-06-25,-3.2882011605415844,-1.1605415860734933,-5.0,-5.0
000045,2012-08-06,2.8192371475953553,0.9950248756218841,0.16583747927031153,9.121061359867328
002007,2008-09-11,6.969696969696961,15.060606060606057,3.5454545454545507,3.5454545454545507
000788,2017-05-02,-1.3748854262144854,-5.0,-5.0,-5.0
002492,2014-05-05,-0.7159904534606264,0.9546539379474948,-0.5966587112171922,3.1026252983293525
688289,2023-05-08,-3.3934252386002153,-3.075291622481433,-1.7497348886532254,-5.0
000932,2008-04-23,13.854595336076828,13.854595336076828,13.854595336076828,13.854595336076828
000989,2002-11-04,1.352493660185969,-4.480135249366013,-5.0,-5.0
600468,2016-01-20,-5.0,-5.0,-5.0,-5.0
601226,2016-02-02,-0.2141327623126293,1.713062098501072,3.533190578158459,-5.0
601958,2010-07-06,4.100418410041843,0.9205020920502193,8.451882845188297,10.54393305439332
600576,2018-02-08,-0.6589785831960466,0.8237232289950547,8.237232289950576,8.731466227347601
000589,2011-01-27,1.3319672131147622,1.127049180327863,7.581967213114757,8.70901639344262
000951,2010-05-13,-5.0,-5.0,-5.0,-5.0
002427,2020-06-05,7.503828483920357,4.287901990811629,4.287901990811629,4.287901990811629
603848,2022-04-29,0.9717314487632458,2.208480565371025,16.519434628975258,14.929328621908123
600561,2010-07-06,3.8961038961038965,2.007083825265642,11.216056670602116,12.868949232585594
600561,2018-06-26,1.1686143572620935,1.1686143572620935,-5.0,-5.0
600826,1994-06-16,-2.603550295857975,-2.485207100591705,-5.0,-5.0
600826,2010-05-21,5.295566502463074,3.078817733990148,5.788177339901486,7.8817733990147865
600826,2011-06-23,3.057199211045352,2.169625246548312,12.228796844181462,10.453648915187363
002541,2024-07-17,1.900584795321636,-3.728070175438595,-5.0,-5.0
600706,2019-07-15,-2.9850746268656834,-5.0,-5.0,-5.0
002358,2019-05-10,-0.5167958656330639,-5.0,-5.0,-5.0
601699,2012-06-29,2.073288331726149,2.4108003857280615,-5.0,-5.0
002376,2019-05-10,-1.8278750952018294,-3.1226199543031234,-5.0,-5.0
600029,2016-02-02,3.5769828926905203,8.398133748055988,3.7325038880248873,-5.0
600966,2022-04-28,-1.4184397163120517,9.361702127659576,10.070921985815602,10.070921985815602
000610,2018-06-26,1.3675213675213687,1.3675213675213687,0.854700854700867,11.96581196581197
000636,2003-11-04,-5.0,-5.0,-5.0,-5.0
000636,2022-02-09,-2.5409130060292844,-0.7321274763135149,3.186907838070638,-5.0
002136,2023-05-04,-3.114186851211083,-1.4705882352941169,-1.643598615916966,-3.633217993079584
600838,2018-06-25,-1.3024602026049183,0.1447178002894325,0.5788712011577429,3.7626628075253223
000885,2021-02-09,4.352678571428557,5.580357142857142,7.366071428571409,10.15624999999998
600299,2022-03-21,-1.007049345417922,-2.4169184290030232,0.0,-5.0
600774,2003-07-10,0.49019607843136215,0.49019607843136215,0.7352941176470649,-5.0
600774,2010-07-06,5.008347245409012,5.509181969949918,8.013355592654415,16.026711185308848
600571,2018-06-26,1.9893899204244079,3.183023872679048,1.3262599469495973,3.5809018567639197
600172,2003-09-23,-5.0,-5.0,-5.0,-5.0
600435,2005-04-28,-5.0,-5.0,-5.0,-5.0
600435,2018-02-13,2.8361344537815083,7.352941176470599,8.823529411764705,6.197478991596637
000837,2008-03-25,6.195965417867431,-4.827089337175792,-5.0,-5.0
605158,2022-04-29,3.27022375215147,3.958691910499147,6.196213425129093,6.196213425129093
601155,2021-08-02,-0.15313935681469268,6.27871362940277,11.791730474732011,11.791730474732011
600858,2007-11-01,-5.0,-5.0,-5.0,-5.0
688553,2024-01-25,-5.0,-5.0,-5.0,-5.0
000863,2016-01-14,-5.0,-5.0,-5.0,-5.0
000525,2012-12-04,6.1571125265392785,10.191082802547779,8.917197452229297,8.917197452229297
002574,2018-06-26,1.0948905109488978,0.3649635036496272,-5.0,-5.0
603022,2018-06-26,2.04326923076923,1.8028846153846196,-5.0,-5.0
603578,2021-06-21,-0.06807351940095158,-1.5656909462219106,-2.6548672566371603,-5.0
603578,2022-05-26,1.4876033057851217,2.1487603305785106,1.9008264462809954,7.438016528925623
600573,2012-08-03,3.754266211604091,17.064846416382252,13.993174061433436,13.993174061433436
600573,2017-04-27,-0.4562043795620503,-3.92335766423359,-5.0,-5.0
002416,2014-04-08,1.8218623481781346,1.5519568151147127,-5.0,-5.0
002416,2017-01-20,0.30721966205837886,-1.2288786482334881,1.1520737327188968,3.6866359447004644
002416,2022-04-29,4.016620498614959,6.786703601108036,6.786703601108036,6.786703601108036
600616,2010-05-13,-5.0,-5.0,-5.0,-5.0
600616,2010-06-22,-2.750809061488672,-5.0,-5.0,-5.0
603218,2018-10-19,8.264462809917356,5.371900826446284,5.371900826446284,5.371900826446284
600226,2008-10-21,-5.0,-5.0,-5.0,-5.0
600226,2011-06-23,3.744493392070483,3.1938325991189336,11.23348017621145,11.23348017621145
600226,2011-12-20,0.3880983182406127,-5.0,-5.0,-5.0
000920,2010-07-06,3.4632034632034667,2.886002886002889,10.966810966810977,15.151515151515163
002642,2018-06-25,2.243211334120419,6.729634002361257,7.201889020070832,7.201889020070832
002642,2019-02-13,5.01792114695341,6.630824372759858,20.609318996415777,52.50896057347669
000529,2010-07-06,3.577817531305907,1.610017889087654,6.618962432915923,20.572450805008952
688221,2024-01-26,-5.0,-5.0,-5.0,-5.0
600841,1994-06-16,-1.8867924528301845,-2.2911051212937994,-5.0,-5.0
600841,2010-07-06,3.287461773700304,9.327217125382267,9.327217125382267,9.327217125382267
600841,2018-06-25,-2.245989304812824,-1.28342245989304,-5.0,-5.0
600679,2012-12-04,15.14683153013911,17.774343122102014,14.528593508500778,14.528593508500778
002401,2018-06-25,1.9313304721030013,5.042918454935609,6.545064377682397,6.545064377682397
002144,2018-06-26,4.392523364485988,4.299065420560757,5.4205607476635524,6.542056074766365
002053,2012-07-19,0.9421265141319015,-1.7496635262449516,-5.0,-5.0
688619,2024-06-11,2.3943661971830976,5.211267605633805,4.225352112676067,4.225352112676067
600063,2003-11-13,-2.3121387283237014,8.670520231213859,6.551059730250479,6.551059730250479
600063,2010-07-06,5.0754458161865585,2.3319615912208493,9.327846364883397,14.266117969821673
600023,2016-02-02,0.7662835249042153,6.130268199233722,6.704980842911888,2.0
600582,2007-12-03,4.984969939879747,13.001002004008011,11.873747494989967,11.873747494989967
603960,2020-10-28,-5.0,-5.0,-5.0,-5.0
000411,2011-12-08,-5.0,-5.0,-5.0,-5.0
603027,2021-03-11,2.171428571428566,7.685714285714279,2.4000000000000097,3.999999999999996
600884,2019-06-11,-0.8729388942773992,0.9699321047526638,3.8797284190106724,8.050436469447138
002962,2021-02-10,10.189228529839886,10.189228529839886,8.44250363901019,8.44250363901019
601177,2013-07-02,9.825673534072903,3.1695721077654544,3.1695721077654544,3.1695721077654544
601101,2012-07-19,-2.251935256861367,-3.5186488388458828,-5.0,-5.0
600084,2012-08-07,-1.6483516483516456,-5.0,-5.0,-5.0
601233,2018-11-30,4.096834264432025,5.772811918063307,5.400372439478585,-5.0
603332,2023-07-10,2.264600715137062,3.09892729439809,3.4564958283670935,0.7151370679380061
603332,2023-07-11,-0.11764705882352691,1.8823529411764721,2.941176470588235,-0.23529411764705382
002023,2017-05-16,-0.454545454545461,-5.0,-5.0,-5.0
002023,2017-05-17,-5.0,-5.0,-5.0,-5.0
002673,2017-04-28,-2.485795454545452,-5.0,-5.0,-5.0
002673,2018-02-22,1.9175455417066258,-5.0,-5.0,-5.0
002112,2010-07-06,3.7320574162679483,13.875598086124413,11.578947368421062,11.578947368421062
002112,2017-01-20,-0.11890606420927215,-1.8430439952437496,1.4268727705112867,6.539833531510116
002112,2018-06-05,-5.0,-5.0,-5.0,-5.0
002493,2012-07-19,-3.1626506024096384,-5.0,-5.0,-5.0
600787,2010-05-21,2.493074792243776,4.570637119113575,-0.6925207756232663,3.3240997229916927
600787,2012-11-21,2.516778523489939,2.0134228187919483,5.369127516778528,17.953020134228193
000498,2022-11-04,-1.6877637130801704,3.234880450070317,-1.1251758087201134,4.922644163150487
000554,2008-09-12,-5.0,-5.0,-5.0,-5.0
600663,2005-04-28,2.0,2.0,2.0,2.0
000635,2012-12-04,6.7723342939481235,6.7723342939481235,12.824207492795384,23.631123919308354
000635,2018-02-13,6.496710526315782,6.496710526315782,6.496710526315782,6.496710526315782
600516,2008-11-07,7.337883959044364,7.337883959044364,7.337883959044364,7.337883959044364
600516,2011-12-20,-5.0,-5.0,-5.0,-5.0
000721,2010-07-07,14.609929078014188,13.049645390070921,13.049645390070921,13.049645390070921
000421,2002-11-27,0.0,2.7816411682892808,-0.8344923504867942,7.371349095966612
600756,1997-07-10,6.041666666666668,5.4166666666666625,5.4166666666666625,5.4166666666666625
600756,2001-08-06,-0.37435657463735067,-0.09358914365933352,-3.1352363125877476,-5.0
600756,2021-02-10,5.481597494126868,6.656225528582612,6.656225528582612,6.656225528582612
000850,2016-01-14,-5.0,-5.0,-5.0,-5.0
000850,2016-02-02,0.17889087656529135,-5.0,-5.0,-5.0
000705,1998-03-16,-3.033838973162191,-3.3838973162193806,4.317386231038497,7.00116686114352
000705,1998-03-17,-2.6589595375722594,-5.0,-5.0,-5.0
000705,2011-10-12,2.7923211169284334,0.1745200698080242,2.0942408376963213,8.376963350785331
000705,2018-06-25,0.16129032258064172,1.451612903225804,3.2258064516129057,4.1935483870967705
600195,2004-08-26,0.1883239171374892,0.1883239171374892,-1.6949152542372856,9.981167608286258
600178,2010-07-06,3.2978723404255375,2.6595744680851063,8.404255319148927,17.765957446808507
600888,1997-07-11,3.5108958837772506,5.205811138014525,6.416464891041154,6.416464891041154
600888,2008-03-21,-5.0,-5.0,-5.0,-5.0
600888,2012-06-11,-3.027681660899651,-5.0,-5.0,-5.0
600249,2010-07-06,4.953560371517033,2.9411764705882417,6.346749226006194,10.216718266253872
600648,2005-04-28,2.1201413427561855,-2.650176678445236,-5.0,-5.0
600812,2008-08-29,-5.0,-5.0,-5.0,-5.0
600812,2011-01-27,5.455962587685107,10.444271239282928,11.925175370226029,14.341387373343725
600857,2008-04-08,-5.0,-5.0,-5.0,-5.0
600463,2017-12-11,5.031446540880491,3.4141958670260464,-1.2578616352201308,6.0197663971248865
000798,2003-11-04,-5.0,-5.0,-5.0,-5.0
603729,2021-02-10,9.206927985414765,7.201458523245206,7.201458523245206,7.201458523245206
600590,2017-06-30,-1.2996941896024459,-0.6116207951070342,-1.452599388379201,-5.0
600590,2018-10-17,4.406130268199242,1.9157088122605466,1.9157088122605466,17.049808429118784
002166,2012-08-06,6.9861900893582405,2.27457351746547,-0.4061738424045549,2.5182778229081944
603918,2019-06-19,4.090909090909085,0.636363636363639,0.8181818181818169,-5.0
000995,2003-11-04,-5.0,-5.0,-5.0,-5.0
000995,2010-07-06,3.012048192771087,2.2590361445783187,3.91566265060242,24.246987951807235
600587,2010-07-06,5.835734870316993,0.9365994236311168,9.5821325648415,15.345821325648421
600587,2012-01-31,1.9364833462432223,3.2920216886134837,5.848179705654523,7.513555383423707
600587,2023-08-09,0.5239520958083854,0.4116766467065847,-5.0,-5.0
000570,2010-07-06,2.9375764993880074,3.0599755201958385,6.242350061199508,11.383108935128515
002590,2018-06-26,1.8633540372670632,2.85714285714284,2.484472049689432,4.596273291925456
002590,2022-04-29,-0.4724409448818797,0.9448818897637875,16.535433070866155,11.968503937007885
002103,2017-06-15,4.6476761619190485,1.5742128935532298,-2.248875562218896,-3.7481259370314843
002238,2018-06-27,3.2159264931087286,2.7565084226646204,7.810107197549766,7.810107197549766
002238,2022-04-29,-5.0,-5.0,-5.0,-5.0
002106,2018-06-26,4.918032786885238,5.464480874316936,4.189435336976312,7.832422586520941
600129,2010-07-06,4.861111111111106,0.694444444444442,16.527777777777782,22.638888888888886
002511,2022-03-11,-5.0,-5.0,-5.0,-5.0
603385,2022-04-29,-0.419580419580423,0.0,0.27972027972027375,3.356643356643347
600667,2011-12-20,-5.0,-5.0,-5.0,-5.0
600100,2005-04-26,-5.0,-5.0,-5.0,-5.0
600100,2008-09-12,-5.0,-5.0,-5.0,-5.0
600100,2018-06-26,2.690058479532148,4.093567251461984,4.444444444444432,15.204678362573084
002370,2018-06-27,2.339622641509438,-0.452830188679249,-5.0,-5.0
000009,2010-07-07,11.219512195121952,10.000000000000005,10.000000000000005,10.000000000000005
600650,2010-07-06,3.465346534653462,1.5841584158415856,8.71287128712872,25.247524752475254
600998,2012-01-10,-5.0,-5.0,-5.0,-5.0
002011,2022-04-28,8.421052631578942,8.421052631578942,8.421052631578942,8.421052631578942
000555,2021-02-10,8.365310821181888,8.365310821181888,8.365310821181888,8.365310821181888
000555,2024-07-02,-5.0,-5.0,-5.0,-5.0
002160,2010-07-06,13.929784824462066,9.739524348810866,9.739524348810866,9.739524348810866
600550,2016-02-02,1.8612521150592118,5.076142131979693,6.768189509306251,-5.0
002125,2012-08-06,12.992700729927018,9.927007299270082,9.927007299270082,9.927007299270082
000856,2008-04-08,-5.0,-5.0,-5.0,-5.0
600191,2010-07-06,3.3613445378151288,2.3529411764705825,8.235294117647062,13.613445378151253
002093,2018-06-26,3.212851405622493,4.551539491298525,3.212851405622493,6.425702811244986
600203,2003-10-31,-1.9999999999999927,-5.0,-5.0,-5.0
000001,1995-09-29,-1.6497461928933996,-4.4416243654822285,-5.0,-5.0
000001,2021-08-02,-1.8323153803442633,5.830094392004426,10.771793448084384,9.217101610216547
000823,2018-06-26,5.311077389984834,5.311077389984834,5.311077389984834,5.311077389984834
002137,2014-12-25,-2.295552367288381,-5.0,-5.0,-5.0
002137,2017-05-02,22.468354430379737,18.354430379746837,17.299578059071717,17.299578059071717
000089,2008-11-07,7.777777777777777,11.666666666666664,2.0370370370370265,2.0370370370370265
000931,2001-08-10,-5.0,-5.0,-5.0,-5.0
000931,2003-11-04,-5.0,-5.0,-5.0,-5.0
600824,2010-05-13,-5.0,-5.0,-5.0,-5.0
002063,2022-04-29,1.217391304347831,5.565217391304353,5.565217391304353,5.565217391304353
002783,2018-06-26,2.618453865336669,7.356608478802991,7.356608478802991,7.356608478802991
601198,2022-04-29,-3.64520048602674,-2.7946537059538326,-2.7946537059538326,-1.0935601458080175
002184,2011-10-12,0.44792833146697564,-5.0,-5.0,-5.0
002184,2011-12-19,-5.0,-5.0,-5.0,-5.0
002184,2014-05-05,-5.0,-5.0,-5.0,-5.0
002184,2014-05-06,-5.0,-5.0,-5.0,-5.0
603429,2021-01-04,-5.0,-5.0,-5.0,-5.0
002302,2019-01-04,9.69560315670802,9.69560315670802,9.69560315670802,9.69560315670802
600073,2001-08-09,1.0436432637571273,3.6053130929791353,0.5692599620493406,6.261859582542696
600583,2010-05-21,1.5126050420168042,2.6890756302521033,-5.0,-5.0
600879,2008-04-08,-5.0,-5.0,-5.0,-5.0
600879,2012-12-04,4.609929078014197,7.801418439716319,5.496453900709229,5.496453900709229
600630,1995-01-27,-5.0,-5.0,-5.0,-5.0
603977,2018-06-25,13.09823677581864,13.09823677581864,13.09823677581864,13.09823677581864
000665,2003-11-14,0.5736137667303892,0.9560229445506657,8.03059273422562,8.03059273422562
002732,2018-10-19,2.433936022253127,2.9207232267037546,7.788595271210008,19.193324061196105
000803,2010-07-06,4.413793103448279,9.931034482758617,8.827586206896546,8.827586206896546
000803,2018-07-18,2.7314112291350487,3.793626707132018,-1.3657056145675244,-5.0
600727,1997-07-10,20.83333333333333,27.083333333333336,23.511904761904752,21.82539682539682
600727,1998-07-14,-1.7722473604826503,-5.0,-5.0,-5.0
603096,2018-08-17,5.440742302825818,11.556305356389709,7.7885561647687425,7.7885561647687425
600742,2008-10-20,2.702702702702714,-5.0,-5.0,-5.0
600742,2011-12-16,1.213872832369947,3.5260115606936386,15.606936416184967,12.427745664739875
603317,2022-03-11,-5.0,-5.0,-5.0,-5.0
002027,2018-07-06,1.785714285714285,7.352941176470599,15.231092436974802,15.231092436974802
000543,2016-02-02,1.0101010101010035,3.1986531986531905,11.784511784511771,2.8619528619528607
600158,2017-11-29,-1.5496809480401088,-5.0,-5.0,-5.0
600371,2010-07-06,6.320541760722353,4.063205417607238,10.158013544018063,24.26636568848759
603053,2021-02-10,6.360792492179347,5.943691345151202,6.673618352450475,9.489051094890513
002062,2011-12-21,-2.10355987055016,-2.10355987055016,-5.0,-5.0
000048,2021-05-17,-3.2379164711402995,-5.0,-5.0,-5.0
600855,2011-10-12,3.2620922384701814,2.3622047244094384,7.761529808773897,7.761529808773897
603189,2018-10-17,-5.0,-5.0,-5.0,-5.0
600638,2020-02-10,0.0,4.07407407407407,10.74074074074074,10.74074074074074
600638,2021-02-18,3.4234234234234306,7.207207207207214,4.324324324324328,5.945945945945947
000593,2017-11-30,-1.4476614699331936,-5.0,-5.0,-5.0
000650,2012-11-05,-4.173913043478264,-5.0,-5.0,-5.0
002531,2016-02-02,10.559662090813093,10.031678986272432,10.031678986272432,10.031678986272432
002531,2024-07-19,9.468223086900124,13.488975356679637,9.338521400778207,9.338521400778207
002295,2018-06-26,2.4390243902439046,2.89634146341464,-5.0,-5.0
002923,2022-02-07,1.5972894482090914,-1.64569215876089,-5.0,-5.0
601928,2016-02-02,0.9945750452079514,9.58408679927666,7.594936708860758,7.594936708860758
600348,2012-06-29,0.7189542483660093,1.1764705882352922,-5.0,-5.0
002667,2021-01-15,3.1772575250836037,2.006688963210689,2.341137123745814,-5.0
000685,2016-02-02,-1.0597302504817072,1.9267822736030757,6.936416184971087,6.069364161849701
601111,2018-07-09,-5.0,-5.0,-5.0,-5.0
000507,1993-07-23,5.319148936170213,14.36170212765957,11.702127659574463,11.702127659574463
000507,2008-04-23,12.337662337662339,20.779220779220786,11.948051948051935,11.948051948051935
000830,2000-10-23,-1.5410958904109566,-1.8835616438356066,-2.1404109589041096,2.6541095890411004
600523,2013-07-01,3.6519871106337254,-1.3963480128893746,5.907626208378076,5.58539205155746
600523,2018-02-13,3.0990173847316713,7.482993197278913,6.953892668178381,6.953892668178381
600523,2018-06-26,0.7109004739336553,2.014218009478672,-5.0,-5.0
600523,2022-10-12,6.403118040089079,5.233853006681501,7.683741648106898,15.924276169265031
002679,2018-06-25,4.0189125295508346,6.8085106382978795,6.8085106382978795,6.8085106382978795
600802,2020-11-03,1.8248175182481576,1.7031630170316152,6.204379562043792,7.0559610705596105
600222,2010-07-06,4.804270462633444,0.35587188612098886,4.804270462633444,16.903914590747334
600783,2010-07-06,2.401874633860575,19.390743995313407,13.181019332161686,13.181019332161686
002480,2012-08-03,3.5128805620608987,2.8103044496487146,2.927400468384075,-0.1170960187353605
000576,2011-12-20,-5.0,-5.0,-5.0,-5.0
002706,2018-02-13,1.8756169792694917,-0.6910167818361331,2.961500493583405,8.489634748272453
600429,2016-02-04,4.615384615384613,4.615384615384613,4.615384615384613,4.615384615384613
000978,2011-10-12,-2.312775330396485,-5.0,-5.0,-5.0
000978,2018-06-25,0.0,1.2131715771230553,0.5199306759098831,3.639514731369166
600601,1998-12-21,1.5873015873015959,-0.15873015873015534,2.777777777777775,14.841269841269849
688176,2023-06-12,-3.111495246326702,-1.2964563526361308,1.1235955056179687,5.445116681071728
600538,2012-01-04,-5.0,-5.0,-5.0,-5.0
600538,2017-07-21,-1.4802631578947345,1.1513157894736887,1.9736842105263175,1.644736842105257
600662,2008-04-23,9.512195121951233,9.512195121951233,9.512195121951233,9.512195121951233
600662,2014-06-26,2.698650674662664,4.347826086956522,-2.698650674662664,7.6461769115442255
600513,2010-07-06,5.697674418604654,2.674418604651168,7.441860465116286,14.534883720930234
601788,2013-06-28,-5.0,-5.0,-5.0,-5.0
601788,2018-10-17,13.8310893512852,15.789473684210536,18.359853121175032,19.3390452876377
603115,2023-04-28,-2.1394064872325775,-1.3802622498274746,0.4140786749482436,3.657694962042784
002114,2011-10-25,4.648862512364003,2.0771513353115814,6.429277942631062,6.429277942631062
603725,2020-02-07,3.257328990228016,0.6514657980456032,8.306188925081445,12.052117263843652
000779,1999-04-30,-1.943198804185363,-5.0,-5.0,-5.0
002339,2019-05-29,1.2558869701726856,2.1978021978021927,4.3956043956043995,4.552590266875982
002643,2014-05-05,0.6717850287907897,1.2476007677543262,-3.4548944337811847,5.182341650671794
603378,2018-10-17,2.94117647058824,0.37950664136623274,-5.0,-5.0
000825,2010-05-13,-5.0,-5.0,-5.0,-5.0
002651,2022-02-08,-1.0869565217391248,-1.0869565217391248,-2.6679841897233163,-5.0
002651,2022-10-12,5.2715654952076685,4.153354632587856,10.86261980830672,7.507987220447294
600621,2008-04-08,-5.0,-5.0,-5.0,-5.0
600621,2018-10-17,13.47626339969372,11.791730474732,11.791730474732,11.791730474732
600633,2003-11-04,-5.0,-5.0,-5.0,-5.0
600633,2018-05-08,-2.4154589371980677,0.9661835748792237,0.1932367149758413,-5.0
000070,2003-11-04,-5.0,-5.0,-5.0,-5.0
000070,2018-06-26,3.2763532763532823,5.270655270655272,7.977207977207986,12.962962962962965
002148,2008-08-29,0.9606986899563426,-3.493449781659377,-5.0,-5.0
002577,2018-06-26,1.799100449775114,1.4992503748125883,-5.0,-5.0
603588,2022-06-28,7.747105966162058,7.034728406055201,7.390917186108638,9.617097061442564
603326,2022-04-29,4.291845493562229,4.864091559370527,4.864091559370527,4.864091559370527
002045,2011-06-22,7.647058823529419,9.117647058823533,11.470588235294121,22.500000000000004
603042,2021-02-10,9.999999999999991,10.884955752212377,15.57522123893805,13.27433628318584
002548,2016-02-02,2.303415409054813,5.401111993645748,6.433677521842736,-5.0
000925,2003-11-13,-1.650485436893203,8.54368932038834,5.825242718446598,5.825242718446598
603327,2025-06-27,0.5470459518599445,1.4223194748358754,7.768052516411368,7.768052516411368
600833,1999-01-19,-1.513240857503154,-1.7654476670870074,-2.90037831021437,-5.0
600833,1999-01-20,-5.0,-5.0,-5.0,-5.0
600833,2010-05-14,-5.0,-5.0,-5.0,-5.0
600833,2018-06-25,-2.80193236714975,-1.739130434782606,-5.0,-5.0
002410,2011-12-20,5.719008264462811,8.363636363636367,4.132231404958678,4.132231404958678
600689,1994-06-16,-2.790697674418614,-2.790697674418614,-5.0,-5.0
600689,2013-07-02,10.943396226415096,3.3962264150943513,3.3962264150943513,3.3962264150943513
600579,2016-02-02,3.5781544256120603,8.662900188323917,13.747645951035793,2.1657250470809837
002860,2022-04-29,2.1837349397590433,3.840361445783131,8.13253012048193,26.807228915662655
600999,2010-05-13,-5.0,-5.0,-5.0,-5.0
000728,2018-06-26,2.9207232267037546,0.13908205841446156,0.4172461752433847,-5.0
000531,2005-01-21,-1.3615733736762594,-4.2360060514372195,-5.0,-5.0
000531,2011-10-12,0.6297229219143554,-3.526448362720406,-5.0,-5.0
000531,2011-10-13,-5.0,-5.0,-5.0,-5.0
600775,2018-06-26,1.2522361359570713,2.862254025044725,-5.0,-5.0
002197,2011-10-12,3.633610900832692,-1.3626040878122747,-5.0,-5.0
603103,2022-10-14,0.2695417789757355,-0.17969451931717292,3.5938903863432037,3.5938903863432037
002349,2018-06-26,2.2767075306479843,3.852889667250434,9.281961471103333,9.281961471103333
000948,2003-11-04,-5.0,-5.0,-5.0,-5.0
002414,2014-05-06,-5.0,-5.0,-5.0,-5.0
600728,2003-11-13,-1.3846153846153824,13.076923076923071,12.61538461538462,12.61538461538462
002481,2022-10-12,4.152249134948085,0.8650519031141838,-5.0,-5.0
605001,2022-04-29,4.173913043478264,7.826086956521743,5.9130434782608665,10.260869565217389
600137,2018-06-26,2.3676880222841215,2.3676880222841215,-5.0,-5.0
002566,2012-01-20,10.257510729613736,12.23175965665235,13.218884120171667,24.248927038626604
600048,2021-08-02,2.8459273797841114,13.444553483807663,17.958783120706574,17.958783120706574
600048,2022-11-04,2.0625889046941617,12.58890469416785,14.50924608819346,14.50924608819346
000695,1999-02-03,2.2408963585434196,1.2605042016806827,4.271708683473398,-1.5406162464985915
000796,2010-07-06,3.6398467432950268,3.6398467432950268,3.6398467432950268,3.6398467432950268
000796,2021-01-29,-5.0,-5.0,-5.0,-5.0
603028,2022-10-12,6.411837237977823,8.384710234278666,13.933415536374858,9.124537607891495
002648,2018-05-04,4.590163934426235,6.557377049180333,6.229508196721325,6.229508196721325
002648,2022-06-27,-0.5769230769230715,0.0,-5.0,-5.0
600372,2018-02-13,2.3336214347450266,14.952463267070012,14.693171996542775,14.693171996542775
600152,2022-02-07,6.466876971608835,2.5236593059936934,7.728706624605682,6.15141955835963
600686,2010-05-21,4.825737265415555,-0.2680965147453026,-5.0,-5.0
600278,2010-07-06,3.930635838150287,15.722543352601148,20.924855491329485,20.924855491329485
600177,2008-11-07,6.936416184971105,18.786127167630067,8.81502890173411,8.81502890173411
600177,2016-02-02,0.4317789291882618,3.2815198618307493,6.5630397236614835,-5.0
603366,2016-02-02,0.6756756756756733,4.189189189189184,5.540540540540531,-5.0
600126,2008-08-15,-5.0,-5.0,-5.0,-5.0
000802,2002-11-27,1.097804391217577,1.8962075848303523,-5.0,-5.0
600101,2011-10-12,2.3455824863174413,-1.1727912431587066,-5.0,-5.0
603687,2024-08-21,-1.360544217687076,-1.8707482993197335,1.7006802721088528,-0.1700680272108807
002035,2012-01-20,-1.5444015444015344,2.1879021879021985,5.534105534105531,17.889317889317898
600388,2018-08-27,-1.1278195488721898,-2.7255639097744444,-4.135338345864673,-5.0
000937,2012-06-29,2.4885396201702736,1.7681728880157142,-5.0,-5.0
600733,2010-05-13,-5.0,-5.0,-5.0,-5.0
000619,2008-08-15,-5.0,-5.0,-5.0,-5.0
000619,2016-02-02,2.02774813233726,5.4429028815368365,7.7908217716115304,7.7908217716115304
600230,2010-05-13,-5.0,-5.0,-5.0,-5.0
600230,2010-07-06,3.4782608695652204,1.3043478260869596,8.260869565217385,14.782608695652169
600230,2013-07-01,4.438405797101452,-1.177536231884049,5.525362318840591,5.525362318840591
600613,1993-07-16,-5.0,-5.0,-5.0,-5.0
600597,2016-02-02,0.09372071227741131,3.467666354264285,6.279287722586691,-5.0
600319,2011-12-20,-5.0,-5.0,-5.0,-5.0
000410,2010-07-06,5.298651252408467,6.262042389210006,6.262042389210006,6.262042389210006
000410,2011-10-26,2.5959367945823977,4.063205417607238,1.0158013544018043,-0.1128668171557538
000410,2017-05-15,-0.4237288135593255,-1.8361581920903938,-5.0,-5.0
000410,2018-06-26,6.951871657754005,9.75935828877006,9.75935828877006,9.75935828877006
600055,2020-11-05,-2.225886232481462,-5.0,-5.0,-5.0
002038,2014-03-07,-0.5983724269985639,1.2446146481570033,-0.4308281474389653,-5.0
000862,2010-07-06,2.9268292682926895,4.975609756097559,13.17073170731707,16.09756097560976
000862,2011-12-19,-5.0,-5.0,-5.0,-5.0
000862,2011-12-20,-5.0,-5.0,-5.0,-5.0
600557,2018-10-18,3.66552119129439,1.9473081328751423,8.820160366552114,21.99312714776632
600629,2012-12-05,7.239819004524893,5.279034690799405,3.167420814479638,10.40723981900453
000553,2003-01-06,6.896551724137938,3.134796238244517,20.062695924764895,19.59247648902821
600161,2010-07-07,1.6633064516129126,2.217741935483877,6.249999999999992,9.82862903225806
600161,2010-07-08,-0.4524886877828047,-2.4635495223730617,6.28456510809452,9.552538964303663
600475,2010-07-06,3.3798677443056637,3.673769287288758,7.861866274797944,14.915503306392367
600475,2022-06-07,1.0817307692307674,-1.2019230769230727,-5.0,-5.0
600643,2004-04-21,2.3668639053254457,2.0710059171597717,2.0,2.0
600643,2010-07-06,3.4805890227577065,2.4096385542168757,19.410977242302547,23.025435073627843
600886,1998-06-22,-0.8159102498725148,2.24375318714942,-1.019887812340639,-4.895461499235089
600886,1999-08-20,-1.6649323621227903,-2.185223725286151,-4.37044745057232,-5.0
600886,2008-04-23,9.011264080100133,9.011264080100133,9.011264080100133,9.011264080100133
600886,2016-02-02,-1.602564102564111,0.48076923076922046,3.8461538461538494,2.0
600642,2008-04-23,10.916580844490202,10.916580844490202,10.916580844490202,10.916580844490202
600642,2016-02-02,0.17636684303350594,2.9982363315696636,5.291005291005288,5.643738977072315
600874,2016-01-20,-5.0,-5.0,-5.0,-5.0
000625,2018-10-19,3.4188034188034218,6.8376068376068435,6.8376068376068435,6.8376068376068435
002539,2016-12-19,3.817504655493484,0.837988826815641,3.072625698324023,6.797020484171326
002507,2018-11-01,11.942517343904857,11.79385530227948,10.257680872150646,10.257680872150646
000737,2017-11-29,2.52918287937743,-5.0,-5.0,-5.0
002009,2010-07-06,7.38636363636363,5.681818181818178,9.659090909090905,13.446969696969695
002009,2018-10-19,3.107344632768358,3.813559322033892,7.344632768361575,7.344632768361575
603768,2024-01-25,-5.0,-5.0,-5.0,-5.0
600522,2018-06-26,2.6806526806526856,3.1468531468531418,0.11655011655011406,8.041958041958036
600446,2018-06-26,3.672316384180797,6.591337099811686,0.0,-5.0
000970,2018-10-19,3.1205673758865213,4.255319148936168,8.794326241134753,8.794326241134753
600509,2016-02-02,0.2812939521800221,2.953586497890295,5.485232067510544,-5.0
600640,2002-01-22,6.921944035346093,2.0,2.0,2.0
600640,2003-10-31,-1.2269938650306704,-5.0,-5.0,-5.0
600640,2008-03-24,2.0,2.0,2.0,2.0
600640,2018-06-26,2.6236125126135197,3.2290615539858756,-0.8072653884964689,-5.0
600640,2022-04-29,6.47820965842166,6.47820965842166,7.302709069493512,5.182567726737332
000506,2001-11-01,2.4582104228121926,0.19665683382497123,2.0,2.0
600167,2010-07-06,3.713527851458889,2.254641909814323,6.498673740053042,13.92572944297082
600552,2008-08-29,-5.0,-5.0,-5.0,-5.0
002051,2017-06-14,1.5699333967649947,2.5214081826831642,-0.8087535680304384,-5.0
600623,2010-05-14,-5.0,-5.0,-5.0,-5.0
600207,2001-08-02,-2.112284602556971,-5.0,-5.0,-5.0
600207,2016-05-16,-5.0,-5.0,-5.0,-5.0
600330,2012-08-03,6.181818181818179,14.181818181818187,8.727272727272736,8.727272727272736
000791,2016-02-02,2.2426095820591114,3.567787971457692,8.358817533129463,8.358817533129463
000731,2014-05-06,-3.8520801232665636,1.6949152542372794,-2.311248073959944,-1.3867488443759608
603958,2021-01-15,1.744186046511625,0.3875968992247979,-3.294573643410851,-5.0
600272,2008-04-08,-5.0,-5.0,-5.0,-5.0
000952,2010-07-06,4.026845637583906,2.684563758389264,7.941834451901577,20.022371364653253
600416,2018-01-19,0.4730368968779464,1.9867549668874083,-5.0,-5.0
600416,2018-06-26,0.5594405594405599,1.6783216783216672,0.41958041958041065,-5.0
600869,2010-07-06,11.147011308562188,19.46688206785136,14.620355411954755,14.620355411954755
600869,2012-09-03,-0.49079754601228126,6.5030674846625685,10.797546012269926,10.797546012269926
600827,2016-02-02,3.2134659525631206,7.498087222647287,7.345065034429984,2.0
600216,2000-10-16,-3.181818181818183,-5.0,-5.0,-5.0
600216,2013-11-06,-1.886792452830182,-2.7358490566037656,3.6792452830188735,2.9245283018867974
601727,2010-07-07,5.038167938931299,6.564885496183215,10.229007633587786,11.450381679389313
601727,2016-02-02,-0.8782936010037566,1.3801756587202048,5.269761606022596,2.0
002201,2014-12-26,-0.7380073800738068,3.444034440344395,4.551045510455094,10.947109471094695
002201,2017-06-15,0.6153846153846205,-2.051282051282044,-3.8974358974359053,-5.0
002986,2024-07-26,4.914744232698096,1.5045135406218513,-0.501504513540629,16.148445336008017
002765,2024-01-25,-5.0,-5.0,-5.0,-5.0
600459,2005-05-13,0.9345794392523442,1.7133956386292886,-2.8037383177570048,3.5825545171339632
600459,2005-07-21,2.8846153846153744,5.769230769230766,15.192307692307693,16.92307692307692
600210,2010-05-21,9.655172413793112,5.000000000000001,5.000000000000001,5.000000000000001
000722,1998-03-16,-1.0727056019070305,-3.2181168057211123,-5.0,-5.0
000722,2003-11-14,4.1666666666666705,4.861111111111115,6.94444444444445,6.94444444444445
000968,2018-05-07,2.7054108216432824,5.511022044088165,23.14629258517033,18.937875751502993
600366,2008-08-14,-5.0,-5.0,-5.0,-5.0
000159,2002-01-24,-5.0,-5.0,-5.0,-5.0
000159,2002-11-28,-0.6165228113440067,-0.6165228113440067,-5.0,-5.0
600305,2010-07-06,4.255319148936171,0.2934702861335227,3.154805575935434,3.154805575935434
600305,2021-07-30,3.595784252944835,0.9299442033478125,5.083694978301304,-5.0
600064,2016-02-02,1.7151379567486982,5.145413870246082,6.48769574944071,-5.0
603585,2018-06-14,-5.0,-5.0,-5.0,-5.0
600615,2010-07-06,2.351485148514845,1.6089108910891188,10.272277227722773,18.440594059405942
600615,2017-04-27,-0.19710906701709022,0.7227332457292999,0.45992115637318337,-5.0
600526,2018-06-26,2.2608695652173894,4.173913043478264,4.521739130434779,5.565217391304353
000633,2012-08-06,-1.672862453531596,2.4163568773234183,0.0,8.178438661710045
000633,2012-08-07,-2.2346368715083815,1.675977653631282,5.214152700186224,8.379888268156428
600521,2013-11-04,-3.7428803905614245,-5.0,-5.0,-5.0
600546,2008-08-15,-5.0,-5.0,-5.0,-5.0
600873,2001-02-14,4.903536977491972,-0.48231511254018267,4.340836012861744,7.315112540192928
600873,2003-05-15,0.4470938897168443,1.7883755588673638,4.321907600596125,6.557377049180333
600410,2011-01-27,-0.2061855670103171,5.841924398625427,11.82130584192439,9.690721649484537
600410,2012-01-09,-3.3437826541274847,-5.0,-5.0,-5.0
600422,2011-01-27,2.804557405784402,8.76424189307625,11.481156879929891,9.903593339176151
600422,2024-08-02,2.6863666890530458,1.0073875083948862,3.492276695768969,-5.0
600131,2017-01-23,2.034261241970016,4.282655246252681,7.708779443254825,9.421841541755898
002254,2013-05-23,4.305043050430499,1.9680196801967815,-4.305043050430511,-5.0
002928,2021-08-03,-0.6692160611854711,3.632887189292533,9.847036328871885,7.361376673040149
600610,2000-01-04,6.8413391557496315,6.550218340611356,6.550218340611356,6.550218340611356
000902,2003-11-19,3.8759689922480653,7.170542635658917,12.015503875968994,7.364341085271316
000902,2010-07-07,4.599659284497437,3.4071550255536653,5.962521294718903,28.790459965928438
600333,2005-05-20,-0.1934235976789127,-3.6750483558994103,-5.0,-5.0
600778,2013-07-01,1.9498607242339914,4.1782729805014025,16.57381615598885,8.635097493036213
002319,2020-05-07,6.578947368421045,8.646616541353383,-5.0,-5.0
600889,2018-02-14,1.240310077519381,3.56589147286821,2.7906976744186003,12.248062015503876
000686,2018-06-26,2.232854864433821,1.5948963317384455,0.9569377990430702,3.0303030303030365
600719,2012-07-19,-0.6329113924050638,-2.373417721518993,-5.0,-5.0
002267,2016-02-02,1.1299435028248548,5.536723163841811,4.858757062146889,-5.0
600721,2010-07-07,1.9867549668874083,-0.28382213812678464,4.3519394512771905,8.798486281929987
600721,2017-04-27,5.017421602787461,2.0905923344947785,5.087108013937285,5.087108013937285
603333,2021-10-25,7.99289520426288,7.99289520426288,7.99289520426288,7.99289520426288
002121,2008-11-05,9.836065573770506,13.745271122320302,75.031525851198,108.07061790668348
601012,2016-02-02,4.202483285577836,6.685768863419287,8.213944603629411,2.0
002675,2017-07-27,3.130434782608691,2.347826086956518,6.347826086956525,4.521739130434779
002454,2018-05-08,2.842639593908641,2.6395939086294398,3.5532994923857837,-5.0
000819,2003-10-31,0.3034901365705685,-1.3657056145675244,-5.0,-5.0
002120,2013-07-01,6.060606060606073,9.40988835725679,6.69856459330145,6.69856459330145
603718,2020-12-03,-5.0,-5.0,-5.0,-5.0
603718,2022-05-05,4.085422469823596,4.363974001857017,3.4354688950789325,2.414113277623025
600834,2008-11-06,5.009276437847875,11.688311688311687,10.3896103896104,10.3896103896104
600796,2010-07-06,4.770642201834859,2.0183486238532002,10.275229357798157,12.110091743119268
002300,2018-06-26,1.1111111111111038,22.407407407407405,21.481481481481467,21.481481481481467
600199,2016-02-02,-0.41322314049585895,2.203856749311297,8.402203856749315,2.0
600056,2013-07-01,0.8423586040914595,-5.0,-5.0,-5.0
601566,2016-01-19,-5.0,-5.0,-5.0,-5.0
600704,2010-07-06,6.834532374100714,3.597122302158273,11.870503597122305,21.151079136690644
600704,2018-06-25,-1.734104046242789,-1.3487475915221634,-5.0,-5.0
600530,2003-11-04,-5.0,-5.0,-5.0,-5.0
688659,2022-04-29,1.0192525481313688,0.792751981879958,2.3782559456398533,7.927519818799539
600481,2016-02-02,8.880994671403197,8.880994671403197,8.880994671403197,8.880994671403197
603000,2021-08-02,4.929577464788739,4.929577464788739,4.929577464788739,4.929577464788739
600295,2018-03-29,-1.5398550724637676,-1.5398550724637676,0.5434782608695699,-5.0
600604,2012-12-05,3.7277147487844475,5.186385737439227,5.996758508914103,12.155591572123177
600604,2013-07-04,-5.0,-5.0,-5.0,-5.0
600604,2017-05-16,1.2327773749093671,-5.0,-5.0,-5.0
002769,2017-05-31,-5.0,-5.0,-5.0,-5.0
002670,2020-04-30,2.857142857142857,1.3714285714285626,-0.11428571428571184,1.6000000000000065
600149,2002-07-18,-0.9027081243731179,-1.7051153460381134,-5.0,-5.0
600810,2010-07-06,2.416570771001161,0.11507479861909997,10.356731875719221,17.951668584579984
600115,2010-07-07,5.222734254992317,6.298003072196623,16.589861751152075,23.04147465437788
002167,2012-11-05,-5.0,-5.0,-5.0,-5.0
002616,2018-06-27,3.207547169811319,7.547169811320761,2.641509433962275,6.415094339622638
600505,2010-07-06,0.0,4.15647921760391,7.579462102689499,8.801955990220058
600637,2012-01-19,4.434389140271479,9.049773755656108,27.33031674208144,50.76923076923075
002636,2022-05-10,1.785714285714293,3.188775510204082,5.229591836734696,5.229591836734696
002636,2022-05-11,1.392405063291132,3.5443037974683462,4.430379746835438,4.430379746835438
600458,2019-10-23,0.5449591280653956,-5.0,-5.0,-5.0
600977,2018-08-09,0.29629629629629,-3.2592592592592555,-3.1851851851851833,-3.4814814814814863
600909,2018-06-26,2.6929982046678536,0.3590664272890408,0.5385996409335612,3.7701974865350083
603633,2023-09-05,0.896860986547086,2.1300448430493217,-1.5695067264574054,3.6995515695067276
603633,2024-08-26,1.1382113821138113,2.4390243902438935,-0.8130081300813123,-5.0
600805,2016-02-02,0.24999999999999467,3.0000000000000027,5.875000000000008,-5.0
002221,2016-01-19,-5.0,-5.0,-5.0,-5.0
002510,2011-12-20,-5.0,-5.0,-5.0,-5.0
000810,2000-11-28,3.9190897597977234,14.833544037083858,14.201432785503588,14.201432785503588
000810,2018-08-10,-4.183006535947715,-5.0,-5.0,-5.0
002054,2011-06-01,-2.3474178403755865,-4.600938967136152,8.544600938967136,8.544600938967136
688599,2022-02-15,1.9750168804861488,7.022282241728556,27.245104659014167,26.43484132343012
002440,2012-07-19,-0.1632653061224455,-3.0204081632652997,-2.5306122448979633,5.714285714285708
002440,2016-02-02,1.4084507042253482,5.633802816901406,7.042253521126756,10.82283172720533
002887,2022-04-29,5.718085106382987,5.585106382978735,5.585106382978735,5.585106382978735
002960,2024-08-29,-0.31914893617022483,0.6382978723404308,-3.191489361702135,-5.0
000006,2007-12-03,4.000000000000005,5.454545454545454,-5.0,-5.0
600641,1994-06-16,-2.772277227722766,-2.9702970297029596,-5.0,-5.0
600641,1995-01-27,-5.0,-5.0,-5.0,-5.0
600822,2005-07-14,-5.0,-5.0,-5.0,-5.0
600822,2008-04-23,9.328782707622302,9.328782707622302,9.328782707622302,9.328782707622302
600970,2011-05-20,0.43060616098045373,-2.4842663133487908,-5.0,-5.0
000881,2017-05-15,0.3721424774056369,4.731525784157366,7.70866560340246,7.70866560340246
002488,2022-04-29,-0.3875968992248151,1.162790697674411,12.209302325581394,12.015503875968994
002488,2025-10-21,-1.4734774066797678,-0.7858546168958749,-1.5717092337917498,-5.0
002264,2012-08-03,15.944540727902961,12.651646447140388,12.651646447140388,12.651646447140388
600821,2017-05-16,6.52173913043478,6.52173913043478,6.52173913043478,6.52173913043478
000151,2018-02-13,2.4514811031664987,8.3758937691522,8.171603677221663,8.171603677221663
000703,2010-07-05,1.3049450549450514,3.5714285714285685,-5.0,-5.0
000703,2012-07-23,-3.083700440528634,1.9089574155653568,4.552129221732754,9.104258443465495
002034,2010-07-06,4.325955734406436,5.533199195171033,12.072434607645887,19.014084507042263
600718,2000-05-16,0.9316770186335316,1.4906832298136548,4.347826086956517,-2.2360248447205042
600668,2008-04-23,9.073359073359086,9.073359073359086,9.073359073359086,9.073359073359086
000911,2017-01-20,4.592496765847353,3.686934023285901,3.3635187580853785,6.144890038809827
000967,2003-11-13,-1.2800000000000011,8.959999999999994,5.760000000000005,5.760000000000005
000630,2008-08-15,-5.0,-5.0,-5.0,-5.0
600765,1997-07-11,10.610465116279077,10.610465116279077,10.610465116279077,10.610465116279077
600765,2011-10-12,5.664062500000001,0.09765624999999792,-5.0,-5.0
600765,2018-02-13,2.9661016949152663,13.029661016949156,10.275423728813566,10.275423728813566
600232,2008-06-24,0.3937007874015664,-2.362204724409451,7.8740157480315025,8.070866141732285
002810,2022-10-14,-1.8743109151047468,-3.3443586916574795,-5.0,-5.0
002073,2008-10-17,3.340517241379316,-0.6465517241379173,-5.0,-5.0
000910,2001-08-10,-0.4731861198738209,-2.839116719242898,-5.0,-5.0
000910,2010-05-05,-5.0,-5.0,-5.0,-5.0
603518,2024-07-26,1.9943019943020026,0.42735042735043094,1.5669515669515715,-5.0
600785,2008-09-26,-5.0,-5.0,-5.0,-5.0
600785,2018-07-12,-0.33651149747615666,2.97251822770612,12.8435221536736,12.8435221536736
603258,2018-06-26,2.1505376344085927,2.3553507424475026,-5.0,-5.0
600267,2008-09-11,-5.0,-5.0,-5.0,-5.0
000888,2008-05-29,-1.9189765458422332,-1.2793176972281555,-5.0,-5.0
000888,2008-05-30,-5.0,-5.0,-5.0,-5.0
600151,2010-05-21,6.1269146608314955,6.3457330415754925,0.0,15.20787746170677
600737,2010-07-06,3.2292787944025916,8.826695371367064,13.02475780409043,32.508073196986025
600620,2003-07-10,7.785234899328848,11.677852348993289,6.174496644295301,6.174496644295301
600620,2017-01-23,3.917378917378923,4.344729344729354,5.626780626780634,5.056980056980064
600620,2018-06-25,5.033557046979863,5.033557046979863,5.033557046979863,5.033557046979863
600992,2010-07-06,8.689655172413792,6.62068965517242,10.620689655172407,12.82758620689655
600748,1998-08-24,-0.9708737864077709,-5.0,-5.0,-5.0
600748,2016-02-02,-1.2513034410844548,-5.0,-5.0,-5.0
600748,2019-10-08,0.8116883116883088,11.688311688311684,10.551948051948044,10.551948051948044
601998,2016-02-02,-0.7194244604316554,0.8992805755395812,1.978417266187056,-5.0
600380,2010-06-23,-5.0,-5.0,-5.0,-5.0
000655,2013-07-01,2.807486631016042,-3.609625668449204,4.812834224598923,4.812834224598923
002292,2018-06-27,0.928074245939676,0.0,-5.0,-5.0
002292,2018-10-19,5.28375733855185,6.066536203522497,8.610567514677093,8.610567514677093
600866,1999-04-28,-2.004008016032075,-0.8016032064128262,-5.0,-5.0
600000,2001-08-10,0.37926675094817003,-1.264222503160563,-2.970922882427311,-5.0
600241,2010-07-06,6.41330166270785,5.581947743467941,5.581947743467941,5.581947743467941
600773,2012-12-04,5.141129032258062,5.443548387096783,4.435483870967737,4.435483870967737
600773,2018-06-27,-2.05882352941176,-1.764705882352943,-5.0,-5.0
000712,2024-06-14,1.587301587301597,-1.9536019536019553,-5.0,-5.0
601611,2018-10-19,2.5974025974025996,2.5974025974025996,20.129870129870135,22.4025974025974
603915,2024-01-25,-5.0,-5.0,-5.0,-5.0
600846,2003-11-04,-5.0,-5.0,-5.0,-5.0
603876,2021-02-09,9.911504424778753,11.681415929203526,11.23893805309734,11.23893805309734
002918,2021-08-02,-1.7478152309613053,5.035372451102776,15.355805243445683,13.44153141905951
600135,2012-07-11,-4.453441295546559,-5.0,-5.0,-5.0
600135,2018-02-13,6.470588235294127,7.764705882352943,11.294117647058833,14.705882352941178
600135,2018-06-26,5.270863836017574,4.831625183016106,7.467057101024888,10.2489019033675
002645,2020-06-22,-5.0,-5.0,-5.0,-5.0
600820,1994-06-16,-2.634730538922142,-2.754491017964077,-5.0,-5.0
600820,1997-06-25,-5.0,-5.0,-5.0,-5.0
600287,2011-06-23,3.0269058295964077,3.475336322869961,5.605381165919283,13.228699551569504
600596,2004-08-05,2.8119507908611467,6.326889279437599,8.435852372583472,4.042179261862909
600596,2008-08-29,-5.0,-5.0,-5.0,-5.0
600596,2011-01-27,4.149715215622471,12.123677786818554,16.192026037428807,21.72497965825876
603817,2018-06-26,1.1320754716981003,0.7547169811320705,-5.0,-5.0
000559,2016-02-02,0.563777307963355,3.0303030303030285,11.275546159267087,11.275546159267087
000559,2018-06-26,1.6442451420029809,1.3452914798206257,-5.0,-5.0
601865,2025-04-14,-5.0,-5.0,-5.0,-5.0
600490,2003-11-14,1.7482517482517526,3.846153846153847,6.99300699300699,6.99300699300699
002372,2016-06-24,0.9722222222222138,-0.06944444444444296,2.77777777777778,2.430555555555553
600883,2003-11-04,-5.0,-5.0,-5.0,-5.0
600883,2010-07-06,5.955334987593035,10.545905707196026,10.545905707196026,10.545905707196026
600883,2012-08-03,3.074433656957935,3.721682847896447,0.0,-1.294498381877024
600507,2010-07-07,4.687499999999997,2.968749999999992,21.249999999999993,46.56250000000001
002205,2018-06-25,-0.3433476394849865,1.7167381974248865,1.6309012875536437,6.266094420600862
000623,2012-06-19,-5.0,-5.0,-5.0,-5.0
000623,2012-06-29,-0.8650519031141786,-5.0,-5.0,-5.0
600618,1995-01-27,-5.0,-5.0,-5.0,-5.0
600618,2013-07-02,0.4918032786885287,-2.9508196721311433,2.459016393442629,1.1475409836065622
600382,2019-06-19,0.6345177664974597,-1.3959390862944203,0.7614213197969607,-5.0
600588,2022-03-30,-3.9451114922813106,-5.0,-5.0,-5.0
002453,2012-12-04,5.121293800539082,3.7735849056603805,18.059299191374663,20.21563342318059
002631,2021-02-10,8.480565371024728,7.06713780918727,7.06713780918727,7.06713780918727
002406,2011-12-20,-5.0,-5.0,-5.0,-5.0
000919,2010-07-06,3.3410138248848034,0.0,3.6866359447004644,9.447004608294934
000017,1993-07-23,5.776173285198561,16.245487364620953,11.913357400722024,11.913357400722024
002540,2011-06-03,-2.7333677153171796,-5.0,-5.0,-5.0
002540,2016-02-01,5.231689088191325,6.87593423019432,13.452914798206269,13.452914798206269
002633,2017-02-27,-0.2730996813836992,1.6841147018661857,0.22758306781975746,-5.0
600818,2018-10-19,6.812933025404155,9.468822170900696,7.390300230946889,7.390300230946889
600818,2021-07-30,2.5301204819276992,-2.530120481927721,5.180722891566261,0.8433734939758856
600818,2023-03-29,15.46692607003891,19.64980544747083,22.130350194552534,17.071984435797674
002790,2018-06-26,-0.3861003861003779,2.6061776061776194,-5.0,-5.0
002355,2017-05-17,-5.0,-5.0,-5.0,-5.0
002355,2017-05-18,-5.0,-5.0,-5.0,-5.0
002346,2018-06-26,0.7003891050583646,2.178988326848258,6.614785992217896,6.614785992217896
600233,2011-12-20,-5.0,-5.0,-5.0,-5.0
600731,2021-06-01,6.501950585175541,5.461638491547451,-1.0403120936280894,0.0
002019,2022-04-29,4.733727810650891,11.580726965342343,11.580726965342343,11.580726965342343
600051,2013-07-01,1.2089810017271208,-2.072538860103629,6.5630397236614835,6.735751295336782
603888,2017-07-24,3.454415954415963,1.068376068376071,1.0327635327635425,4.558404558404563
002331,2018-06-26,3.2078103207810384,4.18410041841004,3.068340306834027,6.276150627615065
600843,2007-10-30,-5.0,-5.0,-5.0,-5.0
600843,2010-05-14,-5.0,-5.0,-5.0,-5.0
600843,2018-06-25,-2.150537634408599,-1.6726403823177873,-5.0,-5.0
603809,2022-05-31,3.153846153846155,-0.4615384615384654,0.0,7.6923076923076925
000590,2017-05-16,2.1929824561403377,-5.0,-5.0,-5.0
600851,1997-11-04,-2.5385312783318166,-3.9891205802357166,-5.0,-5.0
600851,2010-05-13,-5.0,-5.0,-5.0,-5.0
002534,2011-12-20,-5.0,-5.0,-5.0,-5.0
002534,2018-06-26,5.287713841368583,5.132192846034216,2.332814930015558,8.398133748055988
600072,2010-07-06,3.1674208144796343,0.9954751131221666,5.882352941176458,8.687782805429855
600072,2013-07-02,-5.0,-5.0,-5.0,-5.0
600072,2018-02-13,4.707012487992317,8.26128722382324,21.03746397694524,16.90682036503362
001914,2003-05-16,-0.3348214285714412,0.6696428571428428,6.696428571428567,11.718749999999988
001914,2008-03-20,3.5953686776355873,8.957952468007306,-5.0,-5.0
001914,2017-05-16,-1.0799136069114432,-5.0,-5.0,-5.0
002892,2022-05-05,4.172661870503598,6.115107913669062,9.352517985611502,7.194244604316546
002951,2022-04-29,5.652759084791385,8.209959623149388,8.209959623149388,8.209959623149388
002235,2010-07-06,2.5,0.7000000000000028,5.9999999999999964,5.9999999999999964
002235,2017-01-23,-0.6364922206506355,1.768033946251768,1.4851485148514785,9.618104667609614
600703,2019-01-07,2.1034180543383014,-0.6134969325153399,-5.0,-5.0
603787,2021-08-23,-3.04396843291995,-5.0,-5.0,-5.0
000859,2011-10-25,4.498269896193768,3.1141868512110675,5.536332179930785,5.709342560553634
